{
    "M_Fe3": 0.2,
    "M_Ferm": 0.02,
    "M_Hydro": 0.0025,
    "M_Homo": 0.0001,
    "Sensenmann": 0,
    "temperature": 4.0,
    "C": 1943.6888888888889,
    "DOC": 38.873777777777775,
    "pH": 6.37,
    "weight": 8.66,
    "water": 13.0,
    "Vmax_help_Ferm": 0.04068278443308968,
    "Vmax_Ferm": 0.49982138753433547,
    "Vmax_Fe3": 1.6694328392612725,
    "Vmax_Homo": 0.581667021613289,
    "Vmax_Hydro": 0.5555941991054215,
    "Vmax_Ac": 0.1834853375393561,
    "Kmb_help_Ferm": 0.038267418939587794,
    "Inhibition_Ferm": 16.691713364421616,
    "Fe3": 20.342291161201562,
    "M_Ac": 0.007374804315529868
}