{
    "M_Fe3": 0.2,
    "M_Ferm": 0.02,
    "M_Hydro": 0.0025,
    "M_Homo": 0.0001,
    "Sensenmann": 0,
    "temperature": 4.0,
    "C": 1121.9666666666667,
    "DOC": 22.439333333333334,
    "pH": 7.6,
    "weight": 13.88,
    "water": 5.4,
    "Vmax_help_Ferm": 0.09946484558175614,
    "Vmax_Ferm": 0.3284625399627475,
    "Vmax_Fe3": 1.417455419062705,
    "Vmax_Homo": 0.06541299908830789,
    "Vmax_Hydro": 0.5068194764773599,
    "Vmax_Ac": 0.5235223611413037,
    "Kmb_help_Ferm": 0.04045412915482896,
    "Inhibition_Ferm": 13.550326028530533,
    "Fe3": 24.008084114991366,
    "M_Ac": 0.0075645583852702375
}