{
    "M_Fe3": 0.2,
    "M_Ferm": 0.02,
    "M_Hydro": 0.0025,
    "M_Homo": 0.0001,
    "Sensenmann": 0,
    "C": 588.3844444444444,
    "DOC": 11.767688888888888,
    "pH": 6.15,
    "weight": 17.77,
    "water": 4.6,
    "Vmax_help_Ferm": 0.09894798142838457,
    "Vmax_Ferm": 0.3272252180895354,
    "Vmax_Fe3": 1.4741232617417803,
    "Vmax_Homo": 0.4622850374850316,
    "Vmax_Hydro": 0.7703052011262497,
    "Vmax_Ac": 0.7192682439318684,
    "Kmb_help_Ferm": 0.005603542782729676,
    "Inhibition_Ferm": 13.682453237631336,
    "Fe3": 15.031074280058366,
    "M_Ac": 0.011844149044669208
}