{
    "M_Fe3": 0.2,
    "M_Ferm": 0.02,
    "M_Hydro": 0.0025,
    "M_Homo": 0.0001,
    "Sensenmann": 0,
    "temperature": 4.0,
    "C": 1121.9666666666667,
    "DOC": 22.439333333333334,
    "pH": 7.6,
    "weight": 13.88,
    "water": 5.4,
    "Vmax_help_Ferm": 0.08919418047835825,
    "Vmax_Ferm": 0.47321208512901203,
    "Vmax_Fe3": 2.042979038455896,
    "Vmax_Homo": 0.4287713574262402,
    "Vmax_Hydro": 0.5426365455585784,
    "Vmax_Ac": 0.48418724561591014,
    "Kmb_help_Ferm": 0.013635558183235474,
    "Inhibition_Ferm": 13.80110824163594,
    "Fe3": 24.1119796414124,
    "M_Ac": 0.010708054720248267
}