{
    "M_Fe3": 0.2,
    "M_Ferm": 0.02,
    "M_Hydro": 0.0025,
    "M_Homo": 0.0001,
    "Sensenmann": 0,
    "temperature": 4.0,
    "C": 1753.4722222222222,
    "DOC": 35.06944444444444,
    "pH": 7.9,
    "weight": 12.5,
    "water": 7.5,
    "Vmax_help_Ferm": 0.09890662157334648,
    "Vmax_Ferm": 0.4237927811356963,
    "Vmax_Fe3": 1.5706324443614903,
    "Vmax_Homo": 0.09389284884064963,
    "Vmax_Hydro": 0.3652696950145693,
    "Vmax_Ac": 0.6169247865017482,
    "Kmb_help_Ferm": 0.035500496427136596,
    "Inhibition_Ferm": 10.748257428837249,
    "Fe3": 20.532844469391982,
    "M_Ac": 0.015830642099211832
}