{
    "Sensenmann": 8.33e-05,
    "Acetate": 1,
    "temperature": 4.0,
    "C": 1898.44,
    "DOC": 37.9688,
    "pH": 5.98,
    "weight": 7.44,
    "water": 13.0,
    "H2O": 721609.6558032958,
    "M_Fe3": 0.33858429857659417,
    "M_Ferm": 0.3350989059414633,
    "M_Hydro": 0.45842579951233714,
    "M_Homo": 0.2721086318849861,
    "Vmax_help_Ferm": 0.924277619521717,
    "Vmax_Ferm": 4.20366799115518,
    "Vmax_Fe3": 2.083741481071545,
    "Vmax_Homo": 0.7782315959095449,
    "Vmax_Hydro": 0.8454926425389233,
    "Vmax_Ac": 0.5292365789263004,
    "Kmb_help_Ferm": 1490.479193842356,
    "Km_help_Ferm": 6265.908446937524,
    "Km_Ac_Acetate": 676.8654561805375,
    "Km_Homo_CO2": 605.0573711159509,
    "Km_Homo_H2": 311.7912985004017,
    "Km_Hydro_CO2": 739.0554290803072,
    "Km_Hydro_H2": 223.49058587781258,
    "Km_Fe3_Fe3": 444.2406911007266,
    "Km_Fe3_Acetate": 629.9600928280611,
    "Km_Ferm": 559.9261898404453,
    "Inhibition_Ferm": 11.561343548209962,
    "Fe3": 238.5092447996181,
    "M_Ac": 0.014559613348293681,
    "CUE_Ferm": 0.17516525028663876,
    "CUE_Fe3": 0.13118339218482533,
    "CUE_Ac": 0.7885253738901566,
    "CUE_Homo": 0.18403798264263171,
    "CUE_Hydro": 0.14441639633678638
}