{
    "Sensenmann": 8.33e-05,
    "Acetate": 1,
    "temperature": 4.0,
    "C": 3306.188888888889,
    "DOC": 66.12377777777778,
    "pH": 7.15,
    "weight": 12.22,
    "water": 7.3,
    "H2O": 405211.57595108147,
    "M_Fe3": 0.17593304866151643,
    "M_Ferm": 0.011027027197878389,
    "M_Hydro": 0.06367834532689218,
    "M_Homo": 0.28316614474740354,
    "Vmax_help_Ferm": 0.3730607231787663,
    "Vmax_Ferm": 3.4588632211912045,
    "Vmax_Fe3": 0.1840520811972209,
    "Vmax_Homo": 0.18414339108554553,
    "Vmax_Hydro": 0.43889974635200396,
    "Vmax_Ac": 0.9084523631302455,
    "Kmb_help_Ferm": 1705.4375336912415,
    "Km_help_Ferm": 8393.27102170267,
    "Km_Ac_Acetate": 220.73718882171718,
    "Km_Homo_CO2": 846.519001643673,
    "Km_Homo_H2": 357.1495642017039,
    "Km_Hydro_CO2": 357.0215890495182,
    "Km_Hydro_H2": 457.1368361266459,
    "Km_Fe3_Fe3": 457.4228294946929,
    "Km_Fe3_Acetate": 975.2776174500575,
    "Km_Ferm": 125.17816476075961,
    "Inhibition_Ferm": 8.53613738068656,
    "Fe3": 137.67398260368233,
    "M_Ac": 0.010382875592834096,
    "CUE_Ferm": 0.23342389472272718,
    "CUE_Fe3": 0.3225897159097336,
    "CUE_Ac": 0.3246509653727947,
    "CUE_Homo": 0.470950580204883,
    "CUE_Hydro": 0.9446004069667931
}