{
    "Sensenmann": 8.33e-05,
    "Acetate": 1,
    "temperature": 4.0,
    "C": 588.3844444444444,
    "DOC": 11.767688888888888,
    "pH": 6.15,
    "weight": 17.77,
    "water": 4.6,
    "H2O": 255338.80128424312,
    "M_Fe3": 0.40021424570220404,
    "M_Ferm": 0.1617260873451667,
    "M_Hydro": 0.410664915217222,
    "M_Homo": 0.13176629402341847,
    "Vmax_help_Ferm": 0.0911197628372052,
    "Vmax_Ferm": 4.441724859073368,
    "Vmax_Fe3": 2.3898026420847143,
    "Vmax_Homo": 0.6982765135579669,
    "Vmax_Hydro": 0.8732890264523945,
    "Vmax_Ac": 0.25196883964678707,
    "Kmb_help_Ferm": 1401.688232008707,
    "Km_help_Ferm": 5691.830650337668,
    "Km_Ac_Acetate": 18.657559962384312,
    "Km_Homo_CO2": 634.5523453606706,
    "Km_Homo_H2": 802.5553040254279,
    "Km_Hydro_CO2": 300.022621602872,
    "Km_Hydro_H2": 234.65728291226878,
    "Km_Fe3_Fe3": 760.5939006244374,
    "Km_Fe3_Acetate": 414.6110226623458,
    "Km_Ferm": 665.6056300064977,
    "Inhibition_Ferm": 15.35764712126208,
    "Fe3": 174.8487630365537,
    "M_Ac": 0.005523695622987698,
    "CUE_Ferm": 0.16094515547975857,
    "CUE_Fe3": 0.6011636613683538,
    "CUE_Ac": 0.7517134615261073,
    "CUE_Homo": 0.17446131421941885,
    "CUE_Hydro": 0.0635212168502799
}