{
    "Sensenmann": 8.33e-05,
    "Acetate": 1,
    "temperature": 4.0,
    "C": 2546.5533333333337,
    "DOC": 50.93106666666667,
    "pH": 3.95,
    "weight": 11.82,
    "water": 4.0,
    "H2O": 222033.74024716797,
    "M_Fe3": 0.475151510496853,
    "M_Ferm": 0.361972756497383,
    "M_Hydro": 0.22019070505273067,
    "M_Homo": 0.021465942744326928,
    "Vmax_help_Ferm": 0.23024634536247743,
    "Vmax_Ferm": 4.130705442983317,
    "Vmax_Fe3": 2.155958859832868,
    "Vmax_Homo": 0.1105353370462957,
    "Vmax_Hydro": 0.40055017258755793,
    "Vmax_Ac": 0.6919134828918853,
    "Kmb_help_Ferm": 1294.5556567021792,
    "Km_help_Ferm": 7684.920523199217,
    "Km_Ac_Acetate": 744.468654243425,
    "Km_Homo_CO2": 464.95093586804717,
    "Km_Homo_H2": 175.05284061048667,
    "Km_Hydro_CO2": 515.4913442461996,
    "Km_Hydro_H2": 752.2072519611468,
    "Km_Fe3_Fe3": 299.7625564225418,
    "Km_Fe3_Acetate": 605.7095583341073,
    "Km_Ferm": 198.07660679870446,
    "Inhibition_Ferm": 2.70611035645311,
    "Fe3": 135.5358433028054,
    "M_Ac": 0.004690330201560688,
    "CUE_Ferm": 0.3171822270825389,
    "CUE_Fe3": 0.2616113267441177,
    "CUE_Ac": 0.009903548098245452,
    "CUE_Homo": 0.2404012146353689,
    "CUE_Hydro": 0.9731047956688048
}