{
    "Sensenmann": 8.33e-05,
    "Acetate": 1,
    "temperature": 4.0,
    "C": 4075.4000000000005,
    "DOC": 81.50800000000001,
    "pH": 7.05,
    "weight": 12.3,
    "water": 9.9,
    "H2O": 549533.5071117406,
    "M_Fe3": 0.08020222583802403,
    "M_Ferm": 0.4624847744154939,
    "M_Hydro": 0.029995256592083276,
    "M_Homo": 0.1968910855284818,
    "Vmax_help_Ferm": 0.05290210941858049,
    "Vmax_Ferm": 4.883784974930706,
    "Vmax_Fe3": 0.3416771830784799,
    "Vmax_Homo": 0.7318686305307858,
    "Vmax_Hydro": 0.8562661055581744,
    "Vmax_Ac": 0.9883902726998378,
    "Kmb_help_Ferm": 1237.1922707607334,
    "Km_help_Ferm": 1536.38448949274,
    "Km_Ac_Acetate": 276.5171674742255,
    "Km_Homo_CO2": 311.3664924635327,
    "Km_Homo_H2": 595.8344519705096,
    "Km_Hydro_CO2": 415.7141648616856,
    "Km_Hydro_H2": 669.9928470940051,
    "Km_Fe3_Fe3": 682.6992461349842,
    "Km_Fe3_Acetate": 375.3386212716563,
    "Km_Ferm": 171.00336838990216,
    "Inhibition_Ferm": 10.308049886684099,
    "Fe3": 258.0307272043274,
    "M_Ac": 0.018991656645436845,
    "CUE_Ferm": 0.2158385664375826,
    "CUE_Fe3": 0.860480995234254,
    "CUE_Ac": 0.5454511257548235,
    "CUE_Homo": 0.981499839275464,
    "CUE_Hydro": 0.019959494063438665
}