{
    "Sensenmann": 8.33e-05,
    "Acetate": 1,
    "temperature": 4.0,
    "C": 2740.517777777778,
    "DOC": 54.81035555555556,
    "pH": 7.17,
    "weight": 13.81,
    "water": 6.2,
    "H2O": 344152.29738311033,
    "M_Fe3": 0.39953220212310997,
    "M_Ferm": 0.031865541253296915,
    "M_Hydro": 0.035665606883646374,
    "M_Homo": 0.018767764597433435,
    "Vmax_help_Ferm": 0.29109845209977997,
    "Vmax_Ferm": 4.348598656284324,
    "Vmax_Fe3": 2.5261725199838696,
    "Vmax_Homo": 0.2158450110733231,
    "Vmax_Hydro": 0.892323497411346,
    "Vmax_Ac": 0.8133718982260599,
    "Kmb_help_Ferm": 900.7161538208536,
    "Km_help_Ferm": 6140.705550432726,
    "Km_Ac_Acetate": 511.74875296084326,
    "Km_Homo_CO2": 661.1215449629141,
    "Km_Homo_H2": 735.1287313709827,
    "Km_Hydro_CO2": 362.81955123997926,
    "Km_Hydro_H2": 358.6146513489944,
    "Km_Fe3_Fe3": 517.6306455368745,
    "Km_Fe3_Acetate": 442.26218864859806,
    "Km_Ferm": 869.0720875217472,
    "Inhibition_Ferm": 7.426710448266462,
    "Fe3": 242.8444345870011,
    "M_Ac": 0.014826307175814322,
    "CUE_Ferm": 0.016991789274600988,
    "CUE_Fe3": 0.16226331597891486,
    "CUE_Ac": 0.6802064614746304,
    "CUE_Homo": 0.4876358946191829,
    "CUE_Hydro": 0.8948400809940362
}