{
    "Sensenmann": 8.33e-05,
    "Acetate": 1,
    "temperature": 4.0,
    "C": 3674.475555555556,
    "DOC": 73.48951111111113,
    "pH": 6.48,
    "weight": 11.38,
    "water": 8.67,
    "H2O": 481258.13198573655,
    "M_Fe3": 0.4338859904646033,
    "M_Ferm": 0.4653018585293799,
    "M_Hydro": 0.408491709616081,
    "M_Homo": 0.32249808436803684,
    "Vmax_help_Ferm": 0.542201571898552,
    "Vmax_Ferm": 3.5949881252455587,
    "Vmax_Fe3": 2.48930826645828,
    "Vmax_Homo": 0.606471117190403,
    "Vmax_Hydro": 0.5526456725699435,
    "Vmax_Ac": 0.19978377868845298,
    "Kmb_help_Ferm": 1353.3041080647752,
    "Km_help_Ferm": 1379.8733380537324,
    "Km_Ac_Acetate": 443.7181972238753,
    "Km_Homo_CO2": 535.4900260215788,
    "Km_Homo_H2": 423.0794604564745,
    "Km_Hydro_CO2": 313.86878553167946,
    "Km_Hydro_H2": 589.3850158645425,
    "Km_Fe3_Fe3": 565.8878153865774,
    "Km_Fe3_Acetate": 687.6894987133115,
    "Km_Ferm": 601.9045355181529,
    "Inhibition_Ferm": 15.67737053698864,
    "Fe3": 215.36535128810837,
    "M_Ac": 0.006742853838487797,
    "CUE_Ferm": 0.08566364434810461,
    "CUE_Fe3": 0.2327581681918245,
    "CUE_Ac": 0.008808121648550049,
    "CUE_Homo": 0.17466301598278333,
    "CUE_Hydro": 0.7636362445183295
}