{
    "Sensenmann": 8.33e-05,
    "Acetate": 1,
    "temperature": 4.0,
    "C": 2588.983333333333,
    "DOC": 51.779666666666664,
    "pH": 6.44,
    "weight": 9.78,
    "water": 10.0,
    "H2O": 555084.3506179198,
    "M_Fe3": 0.4215324575249791,
    "M_Ferm": 0.16281709211174225,
    "M_Hydro": 0.31585685505526995,
    "M_Homo": 0.07817298438274325,
    "Vmax_help_Ferm": 0.7681954830388433,
    "Vmax_Ferm": 2.842769202252341,
    "Vmax_Fe3": 1.321500030716738,
    "Vmax_Homo": 0.255396790270748,
    "Vmax_Hydro": 0.9872408106828063,
    "Vmax_Ac": 0.3217396366012426,
    "Kmb_help_Ferm": 741.1271307521674,
    "Km_help_Ferm": 5263.443529798182,
    "Km_Ac_Acetate": 552.3822385369219,
    "Km_Homo_CO2": 336.1738858892706,
    "Km_Homo_H2": 501.2983692129229,
    "Km_Hydro_CO2": 552.5174986819223,
    "Km_Hydro_H2": 516.086565046102,
    "Km_Fe3_Fe3": 634.7679198596015,
    "Km_Fe3_Acetate": 502.0395095696223,
    "Km_Ferm": 783.512940212567,
    "Inhibition_Ferm": 14.02794908409745,
    "Fe3": 270.71655254037404,
    "M_Ac": 0.005388869080948721,
    "CUE_Ferm": 0.4127237266485078,
    "CUE_Fe3": 0.3741708031152382,
    "CUE_Ac": 0.4315588946936892,
    "CUE_Homo": 0.6488812696510632,
    "CUE_Hydro": 0.8545542843709248
}