{
    "Sensenmann": 8.33e-05,
    "Acetate": 1,
    "temperature": 4.0,
    "C": 5118.345,
    "DOC": 102.3669,
    "pH": 7.12,
    "weight": 9.63,
    "water": 8.63,
    "H2O": 479037.7945832649,
    "M_Fe3": 0.06753138021935759,
    "M_Ferm": 0.3642567925268686,
    "M_Hydro": 0.2929206129393106,
    "M_Homo": 0.30483881714160577,
    "Vmax_help_Ferm": 0.6574631913525615,
    "Vmax_Ferm": 4.737202383875558,
    "Vmax_Fe3": 2.873328213521003,
    "Vmax_Homo": 0.025285537424404866,
    "Vmax_Hydro": 0.7476104545656365,
    "Vmax_Ac": 0.8075619903424148,
    "Kmb_help_Ferm": 48.92600332134686,
    "Km_help_Ferm": 5045.688977354484,
    "Km_Ac_Acetate": 731.292052845228,
    "Km_Homo_CO2": 750.994574220027,
    "Km_Homo_H2": 293.4209669443661,
    "Km_Hydro_CO2": 448.75177941604716,
    "Km_Hydro_H2": 788.480267167232,
    "Km_Fe3_Fe3": 267.65846043819977,
    "Km_Fe3_Acetate": 148.06102847393188,
    "Km_Ferm": 240.37351470805032,
    "Inhibition_Ferm": 16.951750275778814,
    "Fe3": 170.59067144139556,
    "M_Ac": 0.00438208102213513,
    "CUE_Ferm": 0.2312306890557676,
    "CUE_Fe3": 0.5684396950844439,
    "CUE_Ac": 0.5779047695348042,
    "CUE_Homo": 0.5583933025898423,
    "CUE_Hydro": 0.5264151492809082
}