{
    "Sensenmann": 8.33e-05,
    "Acetate": 1,
    "temperature": 4.0,
    "C": 492.69388888888886,
    "DOC": 9.853877777777777,
    "pH": 6.75,
    "weight": 15.37,
    "water": 3.55,
    "H2O": 197054.94446936157,
    "M_Fe3": 0.31058725515409474,
    "M_Ferm": 0.07186648141109972,
    "M_Hydro": 0.4228909183442607,
    "M_Homo": 0.49250626517789753,
    "Vmax_help_Ferm": 0.8257151408640327,
    "Vmax_Ferm": 2.7840352412367126,
    "Vmax_Fe3": 1.8963480543821996,
    "Vmax_Homo": 0.7417188266331992,
    "Vmax_Hydro": 0.9071818039207821,
    "Vmax_Ac": 0.4162907850449993,
    "Kmb_help_Ferm": 1481.2518739052634,
    "Km_help_Ferm": 2670.9952022390016,
    "Km_Ac_Acetate": 375.47417246155726,
    "Km_Homo_CO2": 390.6918041277032,
    "Km_Homo_H2": 476.48944032959105,
    "Km_Hydro_CO2": 463.65264812241685,
    "Km_Hydro_H2": 359.26247736209916,
    "Km_Fe3_Fe3": 372.3555096819407,
    "Km_Fe3_Acetate": 560.6458350113276,
    "Km_Ferm": 729.7714798367789,
    "Inhibition_Ferm": 3.3284780067751703,
    "Fe3": 246.85540956185235,
    "M_Ac": 0.01914827096702626,
    "CUE_Ferm": 0.37027258912058814,
    "CUE_Fe3": 0.5240573398426547,
    "CUE_Ac": 0.7120206067563071,
    "CUE_Homo": 0.6518725764432376,
    "CUE_Hydro": 0.5894604631781862
}