{
    "Sensenmann": 8.33e-05,
    "Acetate": 1,
    "temperature": 4.0,
    "C": 1505.1116666666665,
    "DOC": 30.10223333333333,
    "pH": 7.57,
    "weight": 15.49,
    "water": 4.5,
    "H2O": 249787.95777806395,
    "M_Fe3": 0.4322584730597065,
    "M_Ferm": 0.2154915895345029,
    "M_Hydro": 0.3828010613191804,
    "M_Homo": 0.2872722452286887,
    "Vmax_help_Ferm": 0.7080690589039029,
    "Vmax_Ferm": 2.975519698043134,
    "Vmax_Fe3": 2.4504474792635804,
    "Vmax_Homo": 0.009240328553835938,
    "Vmax_Hydro": 0.08360027485269639,
    "Vmax_Ac": 0.6752390902703072,
    "Kmb_help_Ferm": 1290.6775911909024,
    "Km_help_Ferm": 2142.133135927371,
    "Km_Ac_Acetate": 638.6558575321737,
    "Km_Homo_CO2": 469.4942227598494,
    "Km_Homo_H2": 388.581783530288,
    "Km_Hydro_CO2": 344.89308588540496,
    "Km_Hydro_H2": 791.6659117847449,
    "Km_Fe3_Fe3": 548.54472314268,
    "Km_Fe3_Acetate": 745.6922697698157,
    "Km_Ferm": 546.1128969250162,
    "Inhibition_Ferm": 9.745397119027132,
    "Fe3": 91.65955396952538,
    "M_Ac": 0.019493776658881898,
    "CUE_Ferm": 0.2992199681169241,
    "CUE_Fe3": 0.1762194949921705,
    "CUE_Ac": 0.6324081212941783,
    "CUE_Homo": 0.5034105119453236,
    "CUE_Hydro": 0.9865972581107312
}