{
    "Sensenmann": 8.33e-05,
    "Acetate": 1,
    "temperature": 4.0,
    "C": 3306.188888888889,
    "DOC": 66.12377777777778,
    "pH": 7.15,
    "weight": 12.22,
    "water": 7.3,
    "H2O": 405211.57595108147,
    "M_Fe3": 0.0008243708262761218,
    "M_Ferm": 0.14541783337124556,
    "M_Hydro": 0.2048352092705051,
    "M_Homo": 0.18982654637242868,
    "Vmax_help_Ferm": 0.5244979836593443,
    "Vmax_Ferm": 0.7664946122581792,
    "Vmax_Fe3": 1.520872353133281,
    "Vmax_Homo": 0.5826205624567588,
    "Vmax_Hydro": 0.6209913202091232,
    "Vmax_Ac": 0.5799159652522243,
    "Kmb_help_Ferm": 765.4267210323894,
    "Km_Ac_Acetate": 9.858446092456782,
    "Km_Homo_CO2": 533.3041178475141,
    "Km_Homo_H2": 427.15977269294126,
    "Km_Hydro_CO2": 432.4142630313127,
    "Km_Hydro_H2": 382.32725877964793,
    "Km_Fe3_Fe3": 620.3739090461572,
    "Km_Fe3_Acetate": 432.8263079136307,
    "Km_Ferm": 562.6542508975083,
    "Inhibition_Ferm": 2.9883483627834684,
    "Fe3": 3.6813173457055655,
    "M_Ac": 0.00878546631351432,
    "CUE_Ferm": 0.12563141559704266,
    "CUE_Fe3": 0.5654491171523768,
    "CUE_Ac": 0.3450414054594718,
    "CUE_Homo": 0.6255741683862411,
    "CUE_Hydro": 0.622106150109871
}