{
    "Sensenmann": 8.33e-05,
    "Acetate": 1,
    "temperature": 4.0,
    "C": 2588.983333333333,
    "DOC": 51.779666666666664,
    "pH": 6.44,
    "weight": 9.78,
    "water": 10.0,
    "H2O": 555084.3506179198,
    "M_Fe3": 0.43573790833936765,
    "M_Ferm": 0.2927694931451999,
    "M_Hydro": 0.17260128882688777,
    "M_Homo": 0.4931927897398374,
    "Vmax_help_Ferm": 0.4368103376116663,
    "Vmax_Ferm": 2.6193852628780454,
    "Vmax_Fe3": 2.6183939159719976,
    "Vmax_Homo": 0.198885569905633,
    "Vmax_Hydro": 0.11137235778854337,
    "Vmax_Ac": 0.6130496045715733,
    "Kmb_help_Ferm": 752.8625848102425,
    "Km_help_Ferm": 8303.222284053614,
    "Km_Ac_Acetate": 370.279209419263,
    "Km_Homo_CO2": 599.2702822117163,
    "Km_Homo_H2": 769.6992912544694,
    "Km_Hydro_CO2": 334.37153414430423,
    "Km_Hydro_H2": 746.8326860937227,
    "Km_Fe3_Fe3": 496.94695072729496,
    "Km_Fe3_Acetate": 748.010304479389,
    "Km_Ferm": 528.3244632487284,
    "Inhibition_Ferm": 6.398401508645012,
    "Fe3": 194.76739072411723,
    "M_Ac": 0.0032129451549439483,
    "CUE_Ferm": 0.5061774089851518,
    "CUE_Fe3": 0.09684660452200866,
    "CUE_Ac": 0.46203711663793356,
    "CUE_Homo": 0.5580706348072776,
    "CUE_Hydro": 0.49844689853596486
}