{
    "Sensenmann": 8.33e-05,
    "Acetate": 1,
    "temperature": 4.0,
    "C": 2546.5533333333337,
    "DOC": 50.93106666666667,
    "pH": 3.95,
    "weight": 11.82,
    "water": 4.0,
    "H2O": 222033.74024716797,
    "M_Fe3": 0.2944565741889281,
    "M_Ferm": 0.4066563885862756,
    "M_Hydro": 0.1686431957354946,
    "M_Homo": 0.4661647448644662,
    "Vmax_help_Ferm": 0.9479093931710633,
    "Vmax_Ferm": 3.624036022942194,
    "Vmax_Fe3": 1.979139942823349,
    "Vmax_Homo": 0.05785813226867497,
    "Vmax_Hydro": 0.8844688278443156,
    "Vmax_Ac": 0.6244225553985865,
    "Kmb_help_Ferm": 443.6853249144883,
    "Km_help_Ferm": 7924.9322895762425,
    "Km_Ac_Acetate": 238.70620158391944,
    "Km_Homo_CO2": 521.7047042662679,
    "Km_Homo_H2": 802.4707519682142,
    "Km_Hydro_CO2": 65.96231894253492,
    "Km_Hydro_H2": 434.1689914320194,
    "Km_Fe3_Fe3": 856.3086439527892,
    "Km_Fe3_Acetate": 185.5343676063516,
    "Km_Ferm": 447.68434190454957,
    "Inhibition_Ferm": 16.392099949246006,
    "Fe3": 61.84620838050476,
    "M_Ac": 0.010059912846491305,
    "CUE_Ferm": 0.21765714164058747,
    "CUE_Fe3": 0.6617900700127657,
    "CUE_Ac": 0.7124786339490775,
    "CUE_Homo": 0.12241117961196624,
    "CUE_Hydro": 0.08896654241412838
}