{
    "Sensenmann": 8.33e-05,
    "Acetate": 1,
    "temperature": 4.0,
    "C": 1943.6888888888889,
    "DOC": 38.873777777777775,
    "pH": 6.37,
    "weight": 8.66,
    "water": 13.0,
    "H2O": 721609.6558032958,
    "M_Fe3": 0.44855175897572414,
    "M_Ferm": 0.0019527990877545101,
    "M_Hydro": 0.46322514896476896,
    "M_Homo": 0.40443955249515007,
    "Vmax_help_Ferm": 0.7757784291356633,
    "Vmax_Ferm": 2.8447621768667015,
    "Vmax_Fe3": 2.9653237996724444,
    "Vmax_Homo": 0.43480511766683005,
    "Vmax_Hydro": 0.029582821040724624,
    "Vmax_Ac": 0.014731742317409698,
    "Kmb_help_Ferm": 225.21735777410947,
    "Km_help_Ferm": 9136.142997144112,
    "Km_Ac_Acetate": 816.3200641767296,
    "Km_Homo_CO2": 802.3719220274621,
    "Km_Homo_H2": 360.5616295625191,
    "Km_Hydro_CO2": 454.38677585338195,
    "Km_Hydro_H2": 165.30468793170613,
    "Km_Fe3_Fe3": 669.3881001796613,
    "Km_Fe3_Acetate": 666.9128664774787,
    "Km_Ferm": 464.64377128448655,
    "Inhibition_Ferm": 13.221672132767612,
    "Fe3": 285.2454357498936,
    "M_Ac": 0.0012848994124935592,
    "CUE_Ferm": 0.09217130111381833,
    "CUE_Fe3": 0.3562702763829648,
    "CUE_Ac": 0.8615184222839913,
    "CUE_Homo": 0.971048078002257,
    "CUE_Hydro": 0.9625334505582619
}