{
    "Sensenmann": 8.33e-05,
    "Acetate": 1,
    "temperature": 4.0,
    "C": 5118.345,
    "DOC": 102.3669,
    "pH": 7.12,
    "weight": 9.63,
    "water": 8.63,
    "H2O": 479037.7945832649,
    "M_Fe3": 0.23509714644256044,
    "M_Ferm": 0.4195475078448766,
    "M_Hydro": 0.41944468848854144,
    "M_Homo": 0.37408455713113264,
    "Vmax_help_Ferm": 0.46009932196860426,
    "Vmax_Ferm": 3.0495420894409633,
    "Vmax_Fe3": 1.0934649003019292,
    "Vmax_Homo": 0.19017487601421312,
    "Vmax_Hydro": 0.8494087733373623,
    "Vmax_Ac": 0.9296394250419164,
    "Kmb_help_Ferm": 1454.598776885808,
    "Km_help_Ferm": 6255.056431569682,
    "Km_Ac_Acetate": 411.1737560680897,
    "Km_Homo_CO2": 405.35770798554375,
    "Km_Homo_H2": 678.2296915933744,
    "Km_Hydro_CO2": 229.70774524204836,
    "Km_Hydro_H2": 831.5885071788076,
    "Km_Fe3_Fe3": 769.3924723887133,
    "Km_Fe3_Acetate": 350.9624630099962,
    "Km_Ferm": 727.9932395977486,
    "Inhibition_Ferm": 17.475471301405594,
    "Fe3": 211.7057145404053,
    "M_Ac": 0.018539885824272236,
    "CUE_Ferm": 0.37371467211608383,
    "CUE_Fe3": 0.4619459571587147,
    "CUE_Ac": 0.6170008234637343,
    "CUE_Homo": 0.8727582665508167,
    "CUE_Hydro": 0.07259630082982271
}