{
    "Sensenmann": 8.33e-05,
    "Acetate": 1,
    "temperature": 4.0,
    "C": 4075.4000000000005,
    "DOC": 81.50800000000001,
    "pH": 7.05,
    "weight": 12.3,
    "water": 9.9,
    "H2O": 549533.5071117406,
    "M_Fe3": 0.005201214277891788,
    "M_Ferm": 0.02741811686403147,
    "M_Hydro": 0.09469590643057328,
    "M_Homo": 0.3871917216151487,
    "Vmax_help_Ferm": 0.05196706414905313,
    "Vmax_Ferm": 2.4753275026611825,
    "Vmax_Fe3": 0.22203144193031413,
    "Vmax_Homo": 0.8287094688047112,
    "Vmax_Hydro": 0.4750912497956666,
    "Vmax_Ac": 0.8508169469579933,
    "Kmb_help_Ferm": 1593.8704629282474,
    "Km_help_Ferm": 4896.864465431181,
    "Km_Ac_Acetate": 421.247891717023,
    "Km_Homo_CO2": 500.39650905036257,
    "Km_Homo_H2": 676.6246006639776,
    "Km_Hydro_CO2": 481.28075135113534,
    "Km_Hydro_H2": 872.6160069621834,
    "Km_Fe3_Fe3": 633.5815254914592,
    "Km_Fe3_Acetate": 338.26126082953243,
    "Km_Ferm": 408.2820379687649,
    "Inhibition_Ferm": 14.598562456917604,
    "Fe3": 113.01376039981395,
    "M_Ac": 0.01874895717843116,
    "CUE_Ferm": 0.4106607456910957,
    "CUE_Fe3": 0.3878568372282184,
    "CUE_Ac": 0.3755766809048655,
    "CUE_Homo": 0.22403443143220914,
    "CUE_Hydro": 0.012024821921342577
}