{
    "Sensenmann": 8.33e-05,
    "Acetate": 1,
    "temperature": 4.0,
    "C": 2414.1933333333336,
    "DOC": 48.283866666666675,
    "pH": 5.77,
    "weight": 9.96,
    "water": 11.5,
    "H2O": 638347.0032106079,
    "M_Fe3": 0.3749401788502121,
    "M_Ferm": 0.2371460584636576,
    "M_Hydro": 0.24198201885637952,
    "M_Homo": 0.20758018647314194,
    "Vmax_help_Ferm": 0.10758639532412768,
    "Vmax_Ferm": 2.7011553662553167,
    "Vmax_Fe3": 2.227579189578697,
    "Vmax_Homo": 0.4213375535058901,
    "Vmax_Hydro": 0.9890447688365438,
    "Vmax_Ac": 0.8340351677061846,
    "Kmb_help_Ferm": 335.6115851144705,
    "Km_help_Ferm": 3439.763461415636,
    "Km_Ac_Acetate": 309.87560682340353,
    "Km_Homo_CO2": 387.8025072056182,
    "Km_Homo_H2": 136.82681983326407,
    "Km_Hydro_CO2": 599.9056720724601,
    "Km_Hydro_H2": 385.04015268126375,
    "Km_Fe3_Fe3": 83.03691955726343,
    "Km_Fe3_Acetate": 215.47304988037126,
    "Km_Ferm": 382.24529482149023,
    "Inhibition_Ferm": 17.199450206431234,
    "Fe3": 45.35016486969302,
    "M_Ac": 0.003650004431433363,
    "CUE_Ferm": 0.12083331557293198,
    "CUE_Fe3": 0.23156784095362548,
    "CUE_Ac": 0.6294685036138912,
    "CUE_Homo": 0.20330922709765104,
    "CUE_Hydro": 0.08429836550568393
}