{
    "Sensenmann": 8.33e-05,
    "Acetate": 1,
    "temperature": 4.0,
    "C": 4089.83,
    "DOC": 81.7966,
    "pH": 4.3,
    "weight": 10.02,
    "water": 7.2,
    "H2O": 399660.7324449023,
    "M_Fe3": 0.42208635701896996,
    "M_Ferm": 0.2541345490057848,
    "M_Hydro": 0.4382610742293279,
    "M_Homo": 0.3510541137167145,
    "Vmax_help_Ferm": 0.03008315396448946,
    "Vmax_Ferm": 3.048591776281257,
    "Vmax_Fe3": 0.10781460141249116,
    "Vmax_Homo": 0.7516850965918269,
    "Vmax_Hydro": 0.7753926123276443,
    "Vmax_Ac": 0.8294094509294823,
    "Kmb_help_Ferm": 372.03684282312156,
    "Km_help_Ferm": 3890.3070704165953,
    "Km_Ac_Acetate": 226.89013429153047,
    "Km_Homo_CO2": 435.67964254308396,
    "Km_Homo_H2": 932.2001127107408,
    "Km_Hydro_CO2": 495.3972549880263,
    "Km_Hydro_H2": 738.1422067213088,
    "Km_Fe3_Fe3": 74.63544329136634,
    "Km_Fe3_Acetate": 374.2634514164927,
    "Km_Ferm": 117.19448895384116,
    "Inhibition_Ferm": 8.873055828302533,
    "Fe3": 136.94985461369671,
    "M_Ac": 0.01461046540042052,
    "CUE_Ferm": 0.26724345645622405,
    "CUE_Fe3": 0.3914577846964309,
    "CUE_Ac": 0.2963502687139683,
    "CUE_Homo": 0.06128190477765927,
    "CUE_Hydro": 0.4484412818410958
}