{
    "Sensenmann": 8.33e-05,
    "Acetate": 1,
    "temperature": 4.0,
    "C": 2546.5533333333337,
    "DOC": 50.93106666666667,
    "pH": 3.95,
    "weight": 11.82,
    "water": 4.0,
    "H2O": 222033.74024716797,
    "M_Fe3": 0.20123051937039824,
    "M_Ferm": 0.18534610063582332,
    "M_Hydro": 0.21754228450005875,
    "M_Homo": 0.226742294249319,
    "Vmax_help_Ferm": 0.7431843155432305,
    "Vmax_Ferm": 1.9424057321083263,
    "Vmax_Fe3": 0.8787096500812356,
    "Vmax_Homo": 0.277411092385469,
    "Vmax_Hydro": 0.10719128401749589,
    "Vmax_Ac": 0.4625342916264067,
    "Kmb_help_Ferm": 1255.7084677795697,
    "Km_help_Ferm": 3461.9029010273803,
    "Km_Ac_Acetate": 0.012283138183761366,
    "Km_Homo_CO2": 355.80616646348216,
    "Km_Homo_H2": 623.1478997330074,
    "Km_Hydro_CO2": 407.50473997638534,
    "Km_Hydro_H2": 449.30187180689893,
    "Km_Fe3_Fe3": 652.8563123292121,
    "Km_Fe3_Acetate": 631.4585538727774,
    "Km_Ferm": 695.5217711451701,
    "Inhibition_Ferm": 3.957703104350788,
    "Fe3": 100.99981815403801,
    "M_Ac": 0.01163685297040444,
    "CUE_Ferm": 0.6906012521949471,
    "CUE_Fe3": 0.5405165647415807,
    "CUE_Ac": 0.7461411956994277,
    "CUE_Homo": 0.41378751883145304,
    "CUE_Hydro": 0.7782821220376382
}