{
    "Sensenmann": 8.33e-05,
    "Acetate": 1,
    "temperature": 4.0,
    "C": 1551.911111111111,
    "DOC": 31.03822222222222,
    "pH": 6.57,
    "weight": 8.84,
    "water": 8.2,
    "H2O": 455169.16750669427,
    "M_Fe3": 0.39557296261697006,
    "M_Ferm": 0.2380294862913971,
    "M_Hydro": 0.36144404263758106,
    "M_Homo": 0.4233438360279717,
    "Vmax_help_Ferm": 0.12344597845705925,
    "Vmax_Ferm": 4.09298534781912,
    "Vmax_Fe3": 1.3622708474770793,
    "Vmax_Homo": 0.7411155155689678,
    "Vmax_Hydro": 0.585510227989038,
    "Vmax_Ac": 0.5181896569349597,
    "Kmb_help_Ferm": 1118.7974149903982,
    "Km_help_Ferm": 3610.505181828227,
    "Km_Ac_Acetate": 332.3882759311991,
    "Km_Homo_CO2": 246.87787775571886,
    "Km_Homo_H2": 556.7307855243207,
    "Km_Hydro_CO2": 822.4198136130597,
    "Km_Hydro_H2": 956.2806124649002,
    "Km_Fe3_Fe3": 217.62553358889306,
    "Km_Fe3_Acetate": 439.970951892925,
    "Km_Ferm": 936.1516510601336,
    "Inhibition_Ferm": 11.628571550692172,
    "Fe3": 90.3718464823611,
    "M_Ac": 0.015220273165933062,
    "CUE_Ferm": 0.1576675445292568,
    "CUE_Fe3": 0.22841952639101448,
    "CUE_Ac": 0.6858590672981326,
    "CUE_Homo": 0.029011388308506803,
    "CUE_Hydro": 0.6497123014312143
}