{
    "Sensenmann": 8.33e-05,
    "Acetate": 1,
    "temperature": 4.0,
    "C": 1575.75,
    "DOC": 31.515,
    "pH": 7.28,
    "weight": 13.5,
    "water": 6.0,
    "H2O": 333050.61037075194,
    "M_Fe3": 0.0936164597205733,
    "M_Ferm": 0.041747318078211734,
    "M_Hydro": 0.31560391102712326,
    "M_Homo": 0.3572003371436288,
    "Vmax_help_Ferm": 0.1537593117817307,
    "Vmax_Ferm": 4.343955650156708,
    "Vmax_Fe3": 1.8945869659498893,
    "Vmax_Homo": 0.7115094728489225,
    "Vmax_Hydro": 0.02038980182243919,
    "Vmax_Ac": 0.11880136973222326,
    "Kmb_help_Ferm": 650.7077442320152,
    "Km_help_Ferm": 3061.38015294857,
    "Km_Ac_Acetate": 123.57157796213875,
    "Km_Homo_CO2": 284.361065726223,
    "Km_Homo_H2": 109.09726903912728,
    "Km_Hydro_CO2": 855.744387778456,
    "Km_Hydro_H2": 551.3730727875794,
    "Km_Fe3_Fe3": 422.0844915976095,
    "Km_Fe3_Acetate": 78.14662479153417,
    "Km_Ferm": 748.666239902624,
    "Inhibition_Ferm": 13.54509291698916,
    "Fe3": 126.60678100522085,
    "M_Ac": 0.004400086039971478,
    "CUE_Ferm": 0.34437215741773386,
    "CUE_Fe3": 0.28806550419128985,
    "CUE_Ac": 0.12321994296393568,
    "CUE_Homo": 0.677248353030569,
    "CUE_Hydro": 0.340446943814228
}