{
    "Sensenmann": 8.33e-05,
    "Acetate": 1,
    "temperature": 4.0,
    "C": 724.3888888888889,
    "DOC": 14.48777777777778,
    "pH": 5.95,
    "weight": 17.0,
    "water": 4.0,
    "H2O": 222033.74024716797,
    "M_Fe3": 0.4282436542472206,
    "M_Ferm": 0.35766915872677363,
    "M_Hydro": 0.22347617388510235,
    "M_Homo": 0.4540978284361061,
    "Vmax_help_Ferm": 0.2718377882223694,
    "Vmax_Ferm": 1.0334860153913725,
    "Vmax_Fe3": 1.2545492897882704,
    "Vmax_Homo": 0.1514954745504058,
    "Vmax_Hydro": 0.6724916783026784,
    "Vmax_Ac": 0.8481075566539198,
    "Kmb_help_Ferm": 125.35426809170382,
    "Km_help_Ferm": 425.3512155233991,
    "Km_Ac_Acetate": 108.32832052591615,
    "Km_Homo_CO2": 292.46056222143255,
    "Km_Homo_H2": 987.1875464152813,
    "Km_Hydro_CO2": 391.60848736014805,
    "Km_Hydro_H2": 172.51739465083165,
    "Km_Fe3_Fe3": 530.695491146614,
    "Km_Fe3_Acetate": 168.40236840063028,
    "Km_Ferm": 705.4147133210319,
    "Inhibition_Ferm": 7.521199788979651,
    "Fe3": 89.73050063500546,
    "M_Ac": 0.007664493043483227,
    "CUE_Ferm": 0.04972387882397078,
    "CUE_Fe3": 0.5332314427115294,
    "CUE_Ac": 0.3334397702416927,
    "CUE_Homo": 0.5407689741228309,
    "CUE_Hydro": 0.9512828360291493
}