{
    "Sensenmann": 8.33e-05,
    "Acetate": 1,
    "temperature": 4.0,
    "C": 2546.5533333333337,
    "DOC": 50.93106666666667,
    "pH": 3.95,
    "weight": 11.82,
    "water": 4.0,
    "H2O": 222033.74024716797,
    "M_Fe3": 0.03386961980102564,
    "M_Ferm": 0.47618477720993435,
    "M_Hydro": 0.2716982574447282,
    "M_Homo": 0.48972120746051284,
    "Vmax_help_Ferm": 0.9497021278700831,
    "Vmax_Ferm": 0.16875349890096333,
    "Vmax_Fe3": 0.17609466273316865,
    "Vmax_Homo": 0.8800800655891232,
    "Vmax_Hydro": 0.37132799476886647,
    "Vmax_Ac": 0.6338178585844201,
    "Kmb_help_Ferm": 1388.6280530063182,
    "Km_help_Ferm": 753.9712554333864,
    "Km_Ac_Acetate": 208.12949986515042,
    "Km_Homo_CO2": 267.7131985651068,
    "Km_Homo_H2": 767.0895834118897,
    "Km_Hydro_CO2": 951.5843056716191,
    "Km_Hydro_H2": 561.2095242999544,
    "Km_Fe3_Fe3": 731.1284690411222,
    "Km_Fe3_Acetate": 977.7883383794727,
    "Km_Ferm": 214.4260500379304,
    "Inhibition_Ferm": 17.713856349091554,
    "Fe3": 167.97362888823892,
    "M_Ac": 0.004838635547227187,
    "CUE_Ferm": 0.21208178509389664,
    "CUE_Fe3": 0.055584619946024705,
    "CUE_Ac": 0.5901519784236144,
    "CUE_Homo": 0.1791991260746646,
    "CUE_Hydro": 0.7923595203572468
}