{
    "Sensenmann": 8.33e-05,
    "Acetate": 1,
    "temperature": 4.0,
    "C": 4993.266666666666,
    "DOC": 99.86533333333333,
    "pH": 4.78,
    "weight": 7.26,
    "water": 12.0,
    "H2O": 666101.2207415039,
    "M_Fe3": 0.1541890967474028,
    "M_Ferm": 0.0975926194122361,
    "M_Hydro": 0.20676903936802224,
    "M_Homo": 0.10298676472273063,
    "Vmax_help_Ferm": 0.655737923679193,
    "Vmax_Ferm": 2.915496989612544,
    "Vmax_Fe3": 0.9662985567563666,
    "Vmax_Homo": 0.6150782828830395,
    "Vmax_Hydro": 0.737755524936892,
    "Vmax_Ac": 0.371983883912702,
    "Kmb_help_Ferm": 102.14823633545163,
    "Km_help_Ferm": 5780.312999698606,
    "Km_Ac_Acetate": 272.9416615036448,
    "Km_Homo_CO2": 327.4381752642198,
    "Km_Homo_H2": 332.46729415496077,
    "Km_Hydro_CO2": 403.3770260075676,
    "Km_Hydro_H2": 812.9021376116126,
    "Km_Fe3_Fe3": 831.592837752532,
    "Km_Fe3_Acetate": 544.0147165660517,
    "Km_Ferm": 434.0340474317625,
    "Inhibition_Ferm": 9.0077995914284,
    "Fe3": 52.80837478175342,
    "M_Ac": 0.01708151150080168,
    "CUE_Ferm": 0.4582726859656723,
    "CUE_Fe3": 0.5763412123401128,
    "CUE_Ac": 0.6000901919692206,
    "CUE_Homo": 0.18787639267095924,
    "CUE_Hydro": 0.44091933789944254
}