{
    "Sensenmann": 8.33e-05,
    "Acetate": 1,
    "temperature": 4.0,
    "C": 2546.5533333333337,
    "DOC": 50.93106666666667,
    "pH": 3.95,
    "weight": 11.82,
    "water": 4.0,
    "H2O": 222033.74024716797,
    "M_Fe3": 0.38615600899224495,
    "M_Ferm": 0.14396532361605918,
    "M_Hydro": 0.04681859564790759,
    "M_Homo": 0.1861781005847608,
    "Vmax_help_Ferm": 0.8918805933493313,
    "Vmax_Ferm": 3.533593356985993,
    "Vmax_Fe3": 1.2328127920505563,
    "Vmax_Homo": 0.6347233883431564,
    "Vmax_Hydro": 0.5625698561473362,
    "Vmax_Ac": 0.30365119034974664,
    "Kmb_help_Ferm": 1687.1609086119142,
    "Km_help_Ferm": 6608.574763163757,
    "Km_Ac_Acetate": 49.39413408372796,
    "Km_Homo_CO2": 880.3643199804739,
    "Km_Homo_H2": 37.94314103288785,
    "Km_Hydro_CO2": 782.2752251818927,
    "Km_Hydro_H2": 575.463653073691,
    "Km_Fe3_Fe3": 236.6176200876506,
    "Km_Fe3_Acetate": 975.5794960705946,
    "Km_Ferm": 656.1651669602754,
    "Inhibition_Ferm": 2.9108381263027443,
    "Fe3": 110.83678671512004,
    "M_Ac": 0.015230185791517829,
    "CUE_Ferm": 0.4918064907027172,
    "CUE_Fe3": 0.016001428943871132,
    "CUE_Ac": 0.4588101802595381,
    "CUE_Homo": 0.46426577246087575,
    "CUE_Hydro": 0.8749208751849054
}