{
    "Sensenmann": 8.33e-05,
    "Acetate": 1,
    "temperature": 4.0,
    "C": 1515.6888888888889,
    "DOC": 30.313777777777776,
    "pH": 8.08,
    "weight": 13.4,
    "water": 5.9,
    "H2O": 327499.76686457277,
    "M_Fe3": 0.2679551203334059,
    "M_Ferm": 0.3023959413122229,
    "M_Hydro": 0.3676979004824072,
    "M_Homo": 0.024427240180428335,
    "Vmax_help_Ferm": 0.15065147257386086,
    "Vmax_Ferm": 4.4149224365258535,
    "Vmax_Fe3": 1.9358247279739405,
    "Vmax_Homo": 0.20437623897260437,
    "Vmax_Hydro": 0.48105430185969983,
    "Vmax_Ac": 0.6648852185206681,
    "Kmb_help_Ferm": 591.9582154647129,
    "Km_help_Ferm": 5801.107257042136,
    "Km_Ac_Acetate": 730.2706523831273,
    "Km_Homo_CO2": 964.5481756219388,
    "Km_Homo_H2": 846.3550095802569,
    "Km_Hydro_CO2": 719.3826394676319,
    "Km_Hydro_H2": 295.1229550811147,
    "Km_Fe3_Fe3": 360.98660173166,
    "Km_Fe3_Acetate": 712.0898851597382,
    "Km_Ferm": 690.6007786693924,
    "Inhibition_Ferm": 9.012672602531175,
    "Fe3": 250.91427015669652,
    "M_Ac": 0.006412295840548803,
    "CUE_Ferm": 0.2776028216341945,
    "CUE_Fe3": 0.4423527022509046,
    "CUE_Ac": 0.2646571816650508,
    "CUE_Homo": 0.8826623326590369,
    "CUE_Hydro": 0.8237910869300186
}