{
    "Sensenmann": 8.33e-05,
    "Acetate": 1,
    "temperature": 4.0,
    "C": 3306.188888888889,
    "DOC": 66.12377777777778,
    "pH": 7.15,
    "weight": 12.22,
    "water": 7.3,
    "H2O": 405211.57595108147,
    "M_Fe3": 0.002471078397672466,
    "M_Ferm": 0.31502855401359187,
    "M_Hydro": 0.3149894633521103,
    "M_Homo": 0.33115798197758517,
    "Vmax_help_Ferm": 0.48556950282071853,
    "Vmax_Ferm": 2.292477284398424,
    "Vmax_Fe3": 0.3740751888481066,
    "Vmax_Homo": 0.6233498854749234,
    "Vmax_Hydro": 0.4522676825122528,
    "Vmax_Ac": 0.9812200029880122,
    "Kmb_help_Ferm": 299.71365651949304,
    "Km_Ac_Acetate": 22.47027819189595,
    "Km_Homo_CO2": 447.37372984638506,
    "Km_Homo_H2": 590.7846654020702,
    "Km_Hydro_CO2": 464.0838107753922,
    "Km_Hydro_H2": 571.6539209759366,
    "Km_Fe3_Fe3": 420.3679775338664,
    "Km_Fe3_Acetate": 683.088077720367,
    "Km_Ferm": 297.6331083201133,
    "Inhibition_Ferm": 10.98931417698298,
    "Fe3": 14.095618654914972,
    "M_Ac": 0.010600547786635724,
    "CUE_Ferm": 0.3751282375851772,
    "CUE_Fe3": 0.36290842496627795,
    "CUE_Ac": 0.08500934949712298,
    "CUE_Homo": 0.6423642206759592,
    "CUE_Hydro": 0.5899980754697068
}