{
    "Sensenmann": 8.33e-05,
    "Acetate": 1,
    "temperature": 4.0,
    "C": 588.3844444444444,
    "DOC": 11.767688888888888,
    "pH": 6.15,
    "weight": 17.77,
    "water": 4.6,
    "H2O": 255338.80128424312,
    "M_Fe3": 0.1849166880811726,
    "M_Ferm": 0.3513842252507953,
    "M_Hydro": 0.3810235093761351,
    "M_Homo": 0.11585447277645947,
    "Vmax_help_Ferm": 0.1149909475380378,
    "Vmax_Ferm": 1.807245062136252,
    "Vmax_Fe3": 1.4081614280848134,
    "Vmax_Homo": 0.6873641564343942,
    "Vmax_Hydro": 0.681375294364531,
    "Vmax_Ac": 0.7049011432371247,
    "Kmb_help_Ferm": 282.17657235832206,
    "Km_help_Ferm": 7986.372632557575,
    "Km_Ac_Acetate": 415.81205436806556,
    "Km_Homo_CO2": 443.5845379034546,
    "Km_Homo_H2": 326.50067909549097,
    "Km_Hydro_CO2": 320.39610821124234,
    "Km_Hydro_H2": 592.3752161897959,
    "Km_Fe3_Fe3": 48.46417702711836,
    "Km_Fe3_Acetate": 917.4608864145002,
    "Km_Ferm": 457.5454271435015,
    "Inhibition_Ferm": 13.907998794627357,
    "Fe3": 75.06439258253906,
    "M_Ac": 0.012406460410019231,
    "CUE_Ferm": 0.0929508096246654,
    "CUE_Fe3": 0.35696022556997553,
    "CUE_Ac": 0.753300375288497,
    "CUE_Homo": 0.9509348705615914,
    "CUE_Hydro": 0.925995761012344
}