{
    "Sensenmann": 8.33e-05,
    "Acetate": 1,
    "temperature": 4.0,
    "C": 1515.6888888888889,
    "DOC": 30.313777777777776,
    "pH": 8.08,
    "weight": 13.4,
    "water": 5.9,
    "H2O": 327499.76686457277,
    "M_Fe3": 0.39084132108321484,
    "M_Ferm": 0.23967312923554052,
    "M_Hydro": 0.14547220736098185,
    "M_Homo": 0.3177646165134208,
    "Vmax_help_Ferm": 0.4515647981875573,
    "Vmax_Ferm": 3.1594738005688736,
    "Vmax_Fe3": 2.651349734304417,
    "Vmax_Homo": 0.5442234516991605,
    "Vmax_Hydro": 0.9492347270499788,
    "Vmax_Ac": 0.2419569437572936,
    "Kmb_help_Ferm": 1057.812959463486,
    "Km_help_Ferm": 5453.706253247462,
    "Km_Ac_Acetate": 234.123122098314,
    "Km_Homo_CO2": 597.9826496500332,
    "Km_Homo_H2": 609.1874305595682,
    "Km_Hydro_CO2": 671.0719280515091,
    "Km_Hydro_H2": 161.33600618502092,
    "Km_Fe3_Fe3": 489.604182894238,
    "Km_Fe3_Acetate": 324.1851901700298,
    "Km_Ferm": 531.2765766765765,
    "Inhibition_Ferm": 2.957349363910375,
    "Fe3": 234.83453147222357,
    "M_Ac": 0.007220469436589754,
    "CUE_Ferm": 0.004603304329203084,
    "CUE_Fe3": 0.29449708103720873,
    "CUE_Ac": 0.3811367534977852,
    "CUE_Homo": 0.01788252510954802,
    "CUE_Hydro": 0.5016088851811031
}