{
    "Sensenmann": 8.33e-05,
    "Acetate": 1,
    "temperature": 4.0,
    "C": 2546.5533333333337,
    "DOC": 50.93106666666667,
    "pH": 3.95,
    "weight": 11.82,
    "water": 4.0,
    "H2O": 222033.74024716797,
    "M_Fe3": 0.04365172005425381,
    "M_Ferm": 0.3669295438171984,
    "M_Hydro": 0.3759654375608273,
    "M_Homo": 0.18256351072375046,
    "Vmax_help_Ferm": 0.27640217903449465,
    "Vmax_Ferm": 3.5116773592218102,
    "Vmax_Fe3": 2.297872063778565,
    "Vmax_Homo": 0.685135026612116,
    "Vmax_Hydro": 0.9787134409338901,
    "Vmax_Ac": 0.6829080864900884,
    "Kmb_help_Ferm": 504.9465115405492,
    "Km_Ac_Acetate": 550.6898699906292,
    "Km_Homo_CO2": 417.03238437456844,
    "Km_Homo_H2": 238.52969883576964,
    "Km_Hydro_CO2": 779.9509115919253,
    "Km_Hydro_H2": 190.94230602602468,
    "Km_Fe3_Fe3": 825.451463113848,
    "Km_Fe3_Acetate": 589.3979433758857,
    "Km_Ferm": 608.7498150451152,
    "Inhibition_Ferm": 8.16551107596447,
    "Fe3": 284.78949440389965,
    "M_Ac": 0.0030606052734172134,
    "CUE_Ferm": 0.05505217634831583,
    "CUE_Fe3": 0.5476173548334708,
    "CUE_Ac": 0.8965164982960602,
    "CUE_Homo": 0.7319132923382332,
    "CUE_Hydro": 0.8311139752605701
}