{
    "Sensenmann": 8.33e-05,
    "Acetate": 1,
    "temperature": 4.0,
    "C": 1943.6888888888889,
    "DOC": 38.873777777777775,
    "pH": 6.37,
    "weight": 8.66,
    "water": 13.0,
    "H2O": 721609.6558032958,
    "M_Fe3": 0.3937463353453213,
    "M_Ferm": 0.38734657204430484,
    "M_Hydro": 0.07523824491160039,
    "M_Homo": 0.1854215245177662,
    "Vmax_help_Ferm": 0.3978484092644771,
    "Vmax_Ferm": 3.8034529397571486,
    "Vmax_Fe3": 2.8355695987361917,
    "Vmax_Homo": 0.1289387333302564,
    "Vmax_Hydro": 0.23813906152935627,
    "Vmax_Ac": 0.3409114296191612,
    "Kmb_help_Ferm": 1557.84548588665,
    "Km_help_Ferm": 3380.009765362427,
    "Km_Ac_Acetate": 858.1092049075428,
    "Km_Homo_CO2": 520.506264253666,
    "Km_Homo_H2": 365.9548689709461,
    "Km_Hydro_CO2": 396.97493263545425,
    "Km_Hydro_H2": 407.11105183275026,
    "Km_Fe3_Fe3": 580.829689112344,
    "Km_Fe3_Acetate": 477.3256097667156,
    "Km_Ferm": 890.253029766534,
    "Inhibition_Ferm": 14.155491865200878,
    "Fe3": 144.21820549169362,
    "M_Ac": 0.008336420351882447,
    "CUE_Ferm": 0.05445787383475964,
    "CUE_Fe3": 0.32328407565047307,
    "CUE_Ac": 0.3171725179560354,
    "CUE_Homo": 0.008271772146948964,
    "CUE_Hydro": 0.5093097721545654
}