{
    "Sensenmann": 8.33e-05,
    "Acetate": 1,
    "temperature": 4.0,
    "C": 1505.1116666666665,
    "DOC": 30.10223333333333,
    "pH": 7.57,
    "weight": 15.49,
    "water": 4.5,
    "H2O": 249787.95777806395,
    "M_Fe3": 0.1553913598504911,
    "M_Ferm": 0.1771118622965542,
    "M_Hydro": 0.16311419492643123,
    "M_Homo": 0.447385018749198,
    "Vmax_help_Ferm": 0.3919177121388875,
    "Vmax_Ferm": 1.8316118497391587,
    "Vmax_Fe3": 2.8418515720294018,
    "Vmax_Homo": 0.33469221141957595,
    "Vmax_Hydro": 0.6480700348313092,
    "Vmax_Ac": 0.989111087967507,
    "Kmb_help_Ferm": 1280.0301082989613,
    "Km_help_Ferm": 6501.71713988112,
    "Km_Ac_Acetate": 650.9032655613282,
    "Km_Homo_CO2": 897.180188392484,
    "Km_Homo_H2": 549.9457155470034,
    "Km_Hydro_CO2": 327.0706276444678,
    "Km_Hydro_H2": 384.47679704800834,
    "Km_Fe3_Fe3": 642.6911354566654,
    "Km_Fe3_Acetate": 512.0047503051803,
    "Km_Ferm": 467.3538749606119,
    "Inhibition_Ferm": 4.10258523894681,
    "Fe3": 200.85977965931443,
    "M_Ac": 0.008856349499142931,
    "CUE_Ferm": 0.3152588315240904,
    "CUE_Fe3": 0.0873005422876485,
    "CUE_Ac": 0.6359268187842091,
    "CUE_Homo": 0.6348277880195263,
    "CUE_Hydro": 0.5341441769649395
}