{
    "Sensenmann": 8.33e-05,
    "Acetate": 1,
    "temperature": 4.0,
    "C": 706.9666666666667,
    "DOC": 14.139333333333335,
    "pH": 7.43,
    "weight": 8.35,
    "water": 2.8,
    "H2O": 155423.61817301754,
    "M_Fe3": 0.3522881901762717,
    "M_Ferm": 0.360271304197551,
    "M_Hydro": 0.21019944936845228,
    "M_Homo": 0.020800834481723242,
    "Vmax_help_Ferm": 0.12679238891283556,
    "Vmax_Ferm": 1.1475526952981807,
    "Vmax_Fe3": 1.8138239437122103,
    "Vmax_Homo": 0.022265674259193232,
    "Vmax_Hydro": 0.6190760640219832,
    "Vmax_Ac": 0.948078573054298,
    "Kmb_help_Ferm": 1494.5299936012782,
    "Km_help_Ferm": 1978.2367075487443,
    "Km_Ac_Acetate": 479.262533831238,
    "Km_Homo_CO2": 522.6429446997206,
    "Km_Homo_H2": 411.22934121628106,
    "Km_Hydro_CO2": 688.0478025177949,
    "Km_Hydro_H2": 140.42786170770606,
    "Km_Fe3_Fe3": 293.0830636217015,
    "Km_Fe3_Acetate": 519.1528499876188,
    "Km_Ferm": 509.4247618577053,
    "Inhibition_Ferm": 17.74666548637755,
    "Fe3": 198.64693553289536,
    "M_Ac": 0.002153557686075041,
    "CUE_Ferm": 0.14304458460097225,
    "CUE_Fe3": 0.12322708209714572,
    "CUE_Ac": 0.3693396525017506,
    "CUE_Homo": 0.041737407623344325,
    "CUE_Hydro": 0.8712173164165736
}