{
    "Sensenmann": 8.33e-05,
    "Acetate": 1,
    "temperature": 4.0,
    "C": 588.3844444444444,
    "DOC": 11.767688888888888,
    "pH": 6.15,
    "weight": 17.77,
    "water": 4.6,
    "H2O": 255338.80128424312,
    "M_Fe3": 0.23471977701529717,
    "M_Ferm": 0.3037621545365144,
    "M_Hydro": 0.07082181721354654,
    "M_Homo": 0.49303918456435813,
    "Vmax_help_Ferm": 0.1719644912039129,
    "Vmax_Ferm": 3.32951990412493,
    "Vmax_Fe3": 1.3700389525643204,
    "Vmax_Homo": 0.711194398121082,
    "Vmax_Hydro": 0.4193521244585275,
    "Vmax_Ac": 0.24286395831112265,
    "Kmb_help_Ferm": 1514.874469904808,
    "Km_help_Ferm": 3261.574046192322,
    "Km_Ac_Acetate": 213.75053711976315,
    "Km_Homo_CO2": 776.0827408297516,
    "Km_Homo_H2": 434.98823932257636,
    "Km_Hydro_CO2": 988.5100758854368,
    "Km_Hydro_H2": 899.0588353060484,
    "Km_Fe3_Fe3": 454.13207979799597,
    "Km_Fe3_Acetate": 129.60751703243008,
    "Km_Ferm": 625.9664379741098,
    "Inhibition_Ferm": 2.711235390366289,
    "Fe3": 276.1096575781518,
    "M_Ac": 0.011075446022456416,
    "CUE_Ferm": 0.22167994409604408,
    "CUE_Fe3": 0.10474383140230503,
    "CUE_Ac": 0.08051583656062511,
    "CUE_Homo": 0.2488357209163914,
    "CUE_Hydro": 0.4560756938721575
}