{
    "Sensenmann": 8.33e-05,
    "Acetate": 1,
    "temperature": 4.0,
    "C": 4037.866666666667,
    "DOC": 80.75733333333334,
    "pH": 5.99,
    "weight": 10.72,
    "water": 12.5,
    "H2O": 693855.4382723998,
    "M_Fe3": 0.29340932347653476,
    "M_Ferm": 0.23333070921934781,
    "M_Hydro": 0.00015629556064866026,
    "M_Homo": 0.08888809539399647,
    "Vmax_help_Ferm": 0.4677250359164365,
    "Vmax_Ferm": 1.549491013289714,
    "Vmax_Fe3": 0.23231738069530145,
    "Vmax_Homo": 0.12984131617489522,
    "Vmax_Hydro": 0.7432679592751292,
    "Vmax_Ac": 0.6941546898037175,
    "Kmb_help_Ferm": 692.104186552482,
    "Km_help_Ferm": 7280.374126432061,
    "Km_Ac_Acetate": 474.3480622923339,
    "Km_Homo_CO2": 690.6254527926451,
    "Km_Homo_H2": 176.80010789124992,
    "Km_Hydro_CO2": 450.68716413573037,
    "Km_Hydro_H2": 226.8166402391306,
    "Km_Fe3_Fe3": 13.289581727930814,
    "Km_Fe3_Acetate": 955.3396600174385,
    "Km_Ferm": 554.4618133738898,
    "Inhibition_Ferm": 18.68351744475853,
    "Fe3": 31.890227321789546,
    "M_Ac": 0.012700055227283777,
    "CUE_Ferm": 0.25695152976172886,
    "CUE_Fe3": 0.04718213070658639,
    "CUE_Ac": 0.7317380166425149,
    "CUE_Homo": 0.5082627683033896,
    "CUE_Hydro": 0.3284221994401425
}