{
    "Sensenmann": 8.33e-05,
    "Acetate": 1,
    "temperature": 4.0,
    "C": 2740.517777777778,
    "DOC": 54.81035555555556,
    "pH": 7.17,
    "weight": 13.81,
    "water": 6.2,
    "H2O": 344152.29738311033,
    "M_Fe3": 0.3515706974863911,
    "M_Ferm": 0.3462141790705745,
    "M_Hydro": 0.10181161023526833,
    "M_Homo": 0.4767486013865503,
    "Vmax_help_Ferm": 0.5020678648164048,
    "Vmax_Ferm": 2.6244206110362147,
    "Vmax_Fe3": 2.979108543544238,
    "Vmax_Homo": 0.0230043812423647,
    "Vmax_Hydro": 0.4964917813162878,
    "Vmax_Ac": 0.11759171678708358,
    "Kmb_help_Ferm": 580.2668057080505,
    "Km_help_Ferm": 4096.5573023895095,
    "Km_Ac_Acetate": 252.45374113488893,
    "Km_Homo_CO2": 271.2897718056066,
    "Km_Homo_H2": 753.3220591859558,
    "Km_Hydro_CO2": 491.13205583716234,
    "Km_Hydro_H2": 778.2142631459819,
    "Km_Fe3_Fe3": 425.27237488707897,
    "Km_Fe3_Acetate": 75.29010792065364,
    "Km_Ferm": 220.14558585970977,
    "Inhibition_Ferm": 8.012361128596165,
    "Fe3": 123.03478632656996,
    "M_Ac": 0.01993116292089006,
    "CUE_Ferm": 0.06483720702962259,
    "CUE_Fe3": 0.6169519264892658,
    "CUE_Ac": 0.6636753647048561,
    "CUE_Homo": 0.921639421774103,
    "CUE_Hydro": 0.6782845202591414
}