{
    "Sensenmann": 8.33e-05,
    "Acetate": 1,
    "temperature": 4.0,
    "C": 4993.266666666666,
    "DOC": 99.86533333333333,
    "pH": 4.78,
    "weight": 7.26,
    "water": 12.0,
    "H2O": 666101.2207415039,
    "M_Fe3": 0.21379289553775338,
    "M_Ferm": 0.25449214358073513,
    "M_Hydro": 0.2461827868022306,
    "M_Homo": 0.21789194228561634,
    "Vmax_help_Ferm": 0.5851496221037124,
    "Vmax_Ferm": 2.627367426714214,
    "Vmax_Fe3": 1.0422220971907397,
    "Vmax_Homo": 0.6997359584632488,
    "Vmax_Hydro": 0.41306039228734776,
    "Vmax_Ac": 0.6292211926706409,
    "Kmb_help_Ferm": 1020.5847304453185,
    "Km_help_Ferm": 2684.366116704104,
    "Km_Ac_Acetate": 11.03511925998353,
    "Km_Homo_CO2": 830.0479044978501,
    "Km_Homo_H2": 607.7175432350456,
    "Km_Hydro_CO2": 448.2880332877769,
    "Km_Hydro_H2": 595.2489632500577,
    "Km_Fe3_Fe3": 654.1259671529764,
    "Km_Fe3_Acetate": 835.129837000303,
    "Km_Ferm": 289.36735760707484,
    "Inhibition_Ferm": 13.500300090598746,
    "Fe3": 196.49084171186826,
    "M_Ac": 0.008934050668642538,
    "CUE_Ferm": 0.38779857717238153,
    "CUE_Fe3": 0.45863381747040605,
    "CUE_Ac": 0.9945767965689745,
    "CUE_Homo": 0.35496966119877976,
    "CUE_Hydro": 0.566667696366491
}