{
    "Sensenmann": 8.33e-05,
    "Acetate": 1,
    "temperature": 4.0,
    "C": 3055.8055555555557,
    "DOC": 61.11611111111112,
    "pH": 7.22,
    "weight": 11.5,
    "water": 8.8,
    "H2O": 488474.22854376957,
    "M_Fe3": 0.3726045095695667,
    "M_Ferm": 0.26061289052150377,
    "M_Hydro": 0.1454342536520049,
    "M_Homo": 0.09872537515697886,
    "Vmax_help_Ferm": 0.9405788286711245,
    "Vmax_Ferm": 1.251561737243657,
    "Vmax_Fe3": 1.8690207096834963,
    "Vmax_Homo": 0.9686380185876933,
    "Vmax_Hydro": 0.3877714782622289,
    "Vmax_Ac": 0.2061855509507412,
    "Kmb_help_Ferm": 534.9493742206545,
    "Km_help_Ferm": 7176.89162018466,
    "Km_Ac_Acetate": 280.8202463743662,
    "Km_Homo_CO2": 194.86522597776965,
    "Km_Homo_H2": 942.4314303239577,
    "Km_Hydro_CO2": 183.84028905704818,
    "Km_Hydro_H2": 736.1730435734439,
    "Km_Fe3_Fe3": 563.4909754801502,
    "Km_Fe3_Acetate": 286.126344072692,
    "Km_Ferm": 430.37504003813723,
    "Inhibition_Ferm": 19.713956582053193,
    "Fe3": 219.83012034692123,
    "M_Ac": 0.015343764409471577,
    "CUE_Ferm": 0.12462189222432885,
    "CUE_Fe3": 0.5044189526175511,
    "CUE_Ac": 0.3334107173949432,
    "CUE_Homo": 0.7772270924042085,
    "CUE_Hydro": 0.7038001972477662
}