{
    "Sensenmann": 8.33e-05,
    "Acetate": 1,
    "temperature": 4.0,
    "C": 2734.618888888889,
    "DOC": 54.692377777777786,
    "pH": 6.94,
    "weight": 13.06,
    "water": 6.5,
    "H2O": 360804.8279016479,
    "M_Fe3": 0.07398372738912476,
    "M_Ferm": 0.10583624104755887,
    "M_Hydro": 0.09224294940352687,
    "M_Homo": 0.08378243566659907,
    "Vmax_help_Ferm": 0.8753923823700923,
    "Vmax_Ferm": 3.28969273014938,
    "Vmax_Fe3": 2.643222225182599,
    "Vmax_Homo": 0.5444233764534665,
    "Vmax_Hydro": 0.618108850026979,
    "Vmax_Ac": 0.8621561712019359,
    "Kmb_help_Ferm": 274.58950483350964,
    "Km_help_Ferm": 4267.433880890715,
    "Km_Ac_Acetate": 558.2852551926208,
    "Km_Homo_CO2": 738.7650038985945,
    "Km_Homo_H2": 830.5042883433764,
    "Km_Hydro_CO2": 205.07810120266666,
    "Km_Hydro_H2": 363.1618326177409,
    "Km_Fe3_Fe3": 228.4010420675295,
    "Km_Fe3_Acetate": 58.39692579937005,
    "Km_Ferm": 537.308217230547,
    "Inhibition_Ferm": 17.572779160158767,
    "Fe3": 1.4785675039184643,
    "M_Ac": 0.013719996413734604,
    "CUE_Ferm": 0.4102632150077633,
    "CUE_Fe3": 0.9138965875669967,
    "CUE_Ac": 0.658316579717333,
    "CUE_Homo": 0.9466841568807121,
    "CUE_Hydro": 0.6189689771694986
}