{
    "M_Fe3": 0.2,
    "M_Ferm": 0.02,
    "M_Hydro": 0.0025,
    "M_Homo": 0.0001,
    "Sensenmann": 0,
    "Acetate": 1,
    "temperature": 4.0,
    "C": 724.3888888888889,
    "DOC": 14.48777777777778,
    "pH": 5.95,
    "weight": 17.0,
    "water": 4.0,
    "Vmax_help_Ferm": 0.04623041592242247,
    "Vmax_Ferm": 0.40668387701405745,
    "Vmax_Fe3": 2.0799962914223444,
    "Vmax_Homo": 0.5650558649289505,
    "Vmax_Hydro": 0.3630352604621279,
    "Vmax_Ac": 0.5379517929278312,
    "Kmb_help_Ferm": 10.272997941736286,
    "Inhibition_Ferm": 6.201530786209494,
    "Fe3": 23.757959476588674,
    "M_Ac": 0.010432365327411257,
    "CUE_Ferm": 0.9978575155012106,
    "CUE_Fe3": 0.24952651816275395,
    "CUE_Ac": 0.01817766898748896,
    "CUE_Homo": 0.31662310647692926,
    "CUE_Hydro": 0.36282589054203357
}