{
    "Sensenmann": 8.33e-05,
    "Acetate": 1,
    "temperature": 4.0,
    "C": 1121.9666666666667,
    "DOC": 22.439333333333334,
    "pH": 7.6,
    "weight": 13.88,
    "water": 5.4,
    "H2O": 299745.54933367675,
    "M_Fe3": 0.49753839455701965,
    "M_Ferm": 0.267651445065486,
    "M_Hydro": 0.1972749273559426,
    "M_Homo": 0.2564526267908072,
    "Vmax_help_Ferm": 0.9234681053425716,
    "Vmax_Ferm": 4.664560585889835,
    "Vmax_Fe3": 0.6982014142214041,
    "Vmax_Homo": 0.8824247389295617,
    "Vmax_Hydro": 0.5860778945853781,
    "Vmax_Ac": 0.4809726983174466,
    "Kmb_help_Ferm": 663.1342261423518,
    "Km_help_Ferm": 2921.0815153761323,
    "Km_Ac_Acetate": 839.5936338360348,
    "Km_Homo_CO2": 66.37475939738835,
    "Km_Homo_H2": 171.31279687681374,
    "Km_Hydro_CO2": 712.2345222773322,
    "Km_Hydro_H2": 802.3088663025452,
    "Km_Fe3_Fe3": 805.0740078316674,
    "Km_Fe3_Acetate": 61.9517942699552,
    "Km_Ferm": 308.74899168866455,
    "Inhibition_Ferm": 12.378232682398739,
    "Fe3": 192.33944970706642,
    "M_Ac": 0.0014813448365599904,
    "CUE_Ferm": 0.20277743134534243,
    "CUE_Fe3": 0.222060508031235,
    "CUE_Ac": 0.6925131776003993,
    "CUE_Homo": 0.594272125994131,
    "CUE_Hydro": 0.24120775078620915
}