{
    "Sensenmann": 8.33e-05,
    "Acetate": 1,
    "temperature": 4.0,
    "C": 2594.246111111111,
    "DOC": 51.88492222222222,
    "pH": 6.42,
    "weight": 9.67,
    "water": 10.5,
    "H2O": 582838.5681488159,
    "M_Fe3": 0.0030867970523974844,
    "M_Ferm": 0.4468723451344376,
    "M_Hydro": 0.301748415867852,
    "M_Homo": 0.07065249327701925,
    "Vmax_help_Ferm": 0.09552489061522558,
    "Vmax_Ferm": 4.4405890789038995,
    "Vmax_Fe3": 2.1528214556541148,
    "Vmax_Homo": 0.5652765515042534,
    "Vmax_Hydro": 0.1548738019248207,
    "Vmax_Ac": 0.734533077055366,
    "Kmb_help_Ferm": 82.3144712850562,
    "Km_help_Ferm": 5370.072759914861,
    "Km_Ac_Acetate": 525.2021085064462,
    "Km_Homo_CO2": 520.981251267046,
    "Km_Homo_H2": 818.7249075523708,
    "Km_Hydro_CO2": 176.08976213932348,
    "Km_Hydro_H2": 490.4035409275702,
    "Km_Fe3_Fe3": 424.84095932855394,
    "Km_Fe3_Acetate": 165.78646911378445,
    "Km_Ferm": 550.3973958060024,
    "Inhibition_Ferm": 17.12477509524371,
    "Fe3": 162.19413495938866,
    "M_Ac": 0.018017438522473627,
    "CUE_Ferm": 0.12756489992372133,
    "CUE_Fe3": 0.43754270558240865,
    "CUE_Ac": 0.5645416613065656,
    "CUE_Homo": 0.20394932444838462,
    "CUE_Hydro": 0.08647064988887809
}