{
    "Sensenmann": 8.33e-05,
    "Acetate": 1,
    "temperature": 4.0,
    "C": 1943.6888888888889,
    "DOC": 38.873777777777775,
    "pH": 6.37,
    "weight": 8.66,
    "water": 13.0,
    "H2O": 721609.6558032958,
    "M_Fe3": 0.3519199600904404,
    "M_Ferm": 0.42529715373489946,
    "M_Hydro": 0.11883593063807657,
    "M_Homo": 0.44653707791986746,
    "Vmax_help_Ferm": 0.5819820656501075,
    "Vmax_Ferm": 1.8197020746831751,
    "Vmax_Fe3": 1.1556724540852434,
    "Vmax_Homo": 0.5031379238227746,
    "Vmax_Hydro": 0.21772533562111412,
    "Vmax_Ac": 0.7171194568119432,
    "Kmb_help_Ferm": 923.425968307247,
    "Km_help_Ferm": 6549.9742501325745,
    "Km_Ac_Acetate": 889.997189394407,
    "Km_Homo_CO2": 278.88567090933606,
    "Km_Homo_H2": 725.681905665455,
    "Km_Hydro_CO2": 630.2306954425534,
    "Km_Hydro_H2": 270.7701168329352,
    "Km_Fe3_Fe3": 466.13569131617584,
    "Km_Fe3_Acetate": 528.7068720101954,
    "Km_Ferm": 479.83677748151314,
    "Inhibition_Ferm": 9.630470208346354,
    "Fe3": 228.12892647191802,
    "M_Ac": 0.005521064201040211,
    "CUE_Ferm": 0.07217008360205401,
    "CUE_Fe3": 0.2729446915892275,
    "CUE_Ac": 0.7447827609862047,
    "CUE_Homo": 0.1790522836629871,
    "CUE_Hydro": 0.9046719787017974
}