{
    "Sensenmann": 8.33e-05,
    "Acetate": 1,
    "temperature": 4.0,
    "C": 492.69388888888886,
    "DOC": 9.853877777777777,
    "pH": 6.75,
    "weight": 15.37,
    "water": 3.55,
    "H2O": 197054.94446936157,
    "M_Fe3": 0.4833997804270545,
    "M_Ferm": 0.005491200305222467,
    "M_Hydro": 0.48724903373238054,
    "M_Homo": 0.3186341027340383,
    "Vmax_help_Ferm": 0.7550081559143033,
    "Vmax_Ferm": 4.369254374157513,
    "Vmax_Fe3": 2.586008375513891,
    "Vmax_Homo": 0.5222405944883849,
    "Vmax_Hydro": 0.45579256074561014,
    "Vmax_Ac": 0.27618534446749365,
    "Kmb_help_Ferm": 522.6467755645571,
    "Km_help_Ferm": 6608.009040669284,
    "Km_Ac_Acetate": 605.9661764825692,
    "Km_Homo_CO2": 990.3142023738735,
    "Km_Homo_H2": 11.590294427577076,
    "Km_Hydro_CO2": 659.958578066984,
    "Km_Hydro_H2": 777.3771913293805,
    "Km_Fe3_Fe3": 467.52650133483036,
    "Km_Fe3_Acetate": 325.87723056231357,
    "Km_Ferm": 75.3785874633104,
    "Inhibition_Ferm": 6.286303415258608,
    "Fe3": 202.1692505985584,
    "M_Ac": 0.008009682793606795,
    "CUE_Ferm": 0.48609367814870896,
    "CUE_Fe3": 0.5573061711298508,
    "CUE_Ac": 0.21112929584754436,
    "CUE_Homo": 0.7191281817167252,
    "CUE_Hydro": 0.1966695733417425
}