{
    "Sensenmann": 8.33e-05,
    "Acetate": 1,
    "temperature": 4.0,
    "C": 4089.83,
    "DOC": 81.7966,
    "pH": 4.3,
    "weight": 10.02,
    "water": 7.2,
    "H2O": 399660.7324449023,
    "M_Fe3": 0.35461858349662617,
    "M_Ferm": 0.16773826929921234,
    "M_Hydro": 0.18348551569407706,
    "M_Homo": 0.45568452096719236,
    "Vmax_help_Ferm": 0.9749519461800262,
    "Vmax_Ferm": 3.5248509196178075,
    "Vmax_Fe3": 1.5909958535959519,
    "Vmax_Homo": 0.4549695672369274,
    "Vmax_Hydro": 0.6412539329172983,
    "Vmax_Ac": 0.8872484732584365,
    "Kmb_help_Ferm": 679.3203287861907,
    "Km_help_Ferm": 1397.6291222650598,
    "Km_Ac_Acetate": 243.39766286541987,
    "Km_Homo_CO2": 28.619951913537516,
    "Km_Homo_H2": 48.499593073111605,
    "Km_Hydro_CO2": 417.9898810663493,
    "Km_Hydro_H2": 943.6204371492275,
    "Km_Fe3_Fe3": 834.7534195383973,
    "Km_Fe3_Acetate": 597.3622241869234,
    "Km_Ferm": 373.09968495930565,
    "Inhibition_Ferm": 10.731631578907779,
    "Fe3": 105.23598886762045,
    "M_Ac": 0.005210528387281386,
    "CUE_Ferm": 0.2688427651324551,
    "CUE_Fe3": 0.042645152088533256,
    "CUE_Ac": 0.5018879451451927,
    "CUE_Homo": 0.41784115329620053,
    "CUE_Hydro": 0.4873743769012847
}