{
    "Sensenmann": 8.33e-05,
    "Acetate": 1,
    "temperature": 4.0,
    "C": 2546.5533333333337,
    "DOC": 50.93106666666667,
    "pH": 3.95,
    "weight": 11.82,
    "water": 4.0,
    "H2O": 222033.74024716797,
    "M_Fe3": 0.14389401955204537,
    "M_Ferm": 0.38764345355068275,
    "M_Hydro": 0.3615569249838802,
    "M_Homo": 0.43491360954528824,
    "Vmax_help_Ferm": 0.7268992350644377,
    "Vmax_Ferm": 3.287554096446633,
    "Vmax_Fe3": 2.0926193886006015,
    "Vmax_Homo": 0.4521185878703161,
    "Vmax_Hydro": 0.866726106452918,
    "Vmax_Ac": 0.12245821523644873,
    "Kmb_help_Ferm": 557.1306224538343,
    "Km_Ac_Acetate": 445.0314570455836,
    "Km_Homo_CO2": 885.9136684136735,
    "Km_Homo_H2": 134.73324555261138,
    "Km_Hydro_CO2": 823.282518639696,
    "Km_Hydro_H2": 358.3209714097318,
    "Km_Fe3_Fe3": 108.20603442106054,
    "Km_Fe3_Acetate": 532.1853174714228,
    "Km_Ferm": 689.6857154137584,
    "Inhibition_Ferm": 7.391460021059036,
    "Fe3": 220.59780488758463,
    "M_Ac": 0.01067770169896226,
    "CUE_Ferm": 0.29844535919486637,
    "CUE_Fe3": 0.5002205271109279,
    "CUE_Ac": 0.07828214716914084,
    "CUE_Homo": 0.5507796205990144,
    "CUE_Hydro": 0.26499791310064175
}