{
    "Sensenmann": 8.33e-05,
    "Acetate": 1,
    "temperature": 4.0,
    "C": 2546.5533333333337,
    "DOC": 50.93106666666667,
    "pH": 3.95,
    "weight": 11.82,
    "water": 4.0,
    "H2O": 222033.74024716797,
    "M_Fe3": 0.4754004732668472,
    "M_Ferm": 0.4886149594834188,
    "M_Hydro": 0.38319193152152803,
    "M_Homo": 0.3274235191414859,
    "Vmax_help_Ferm": 0.9477920419555751,
    "Vmax_Ferm": 3.6892026020512216,
    "Vmax_Fe3": 1.7325751867916965,
    "Vmax_Homo": 0.8205773345069682,
    "Vmax_Hydro": 0.38098465303618106,
    "Vmax_Ac": 0.5763613454559486,
    "Kmb_help_Ferm": 1862.486712295143,
    "Km_help_Ferm": 2410.438737436793,
    "Km_Ac_Acetate": 859.5456631001939,
    "Km_Homo_CO2": 116.6117142170035,
    "Km_Homo_H2": 829.9738616408554,
    "Km_Hydro_CO2": 775.49376906793,
    "Km_Hydro_H2": 490.15109704922446,
    "Km_Fe3_Fe3": 62.582705264931725,
    "Km_Fe3_Acetate": 41.86184198948925,
    "Km_Ferm": 13.580077070311344,
    "Inhibition_Ferm": 1.1926997776549908,
    "Fe3": 61.18937082413548,
    "M_Ac": 0.004870409154961282,
    "CUE_Ferm": 0.6433762167363869,
    "CUE_Fe3": 0.5185136005319796,
    "CUE_Ac": 0.05929580132263779,
    "CUE_Homo": 0.19370009606214156,
    "CUE_Hydro": 0.8783336356812577
}