{
    "Sensenmann": 8.33e-05,
    "Acetate": 1,
    "temperature": 4.0,
    "C": 2546.5533333333337,
    "DOC": 50.93106666666667,
    "pH": 3.95,
    "weight": 11.82,
    "water": 4.0,
    "H2O": 222033.74024716797,
    "M_Fe3": 0.38253895434739066,
    "M_Ferm": 0.21512835815937423,
    "M_Hydro": 0.056695645716601496,
    "M_Homo": 0.2675119018095555,
    "Vmax_help_Ferm": 0.26459277550867283,
    "Vmax_Ferm": 3.743911465216157,
    "Vmax_Fe3": 2.7222181630655458,
    "Vmax_Homo": 0.07300267113611147,
    "Vmax_Hydro": 0.4067341210215808,
    "Vmax_Ac": 0.5217011153299059,
    "Kmb_help_Ferm": 843.4821025166935,
    "Km_help_Ferm": 2080.0386224644585,
    "Km_Ac_Acetate": 376.3925947122689,
    "Km_Homo_CO2": 723.7091285427877,
    "Km_Homo_H2": 545.6665009548472,
    "Km_Hydro_CO2": 473.74254825850596,
    "Km_Hydro_H2": 751.987847941923,
    "Km_Fe3_Fe3": 725.5137397731203,
    "Km_Fe3_Acetate": 435.0650678603974,
    "Km_Ferm": 748.7109201144023,
    "Inhibition_Ferm": 4.27849763766584,
    "Fe3": 104.92401323780233,
    "M_Ac": 0.013043702096721052,
    "CUE_Ferm": 0.14805209732612523,
    "CUE_Fe3": 0.36654304598865517,
    "CUE_Ac": 0.5193214301113027,
    "CUE_Homo": 0.5959224064680656,
    "CUE_Hydro": 0.6651398890615148
}