{
    "Sensenmann": 8.33e-05,
    "Acetate": 1,
    "temperature": 4.0,
    "C": 2588.983333333333,
    "DOC": 51.779666666666664,
    "pH": 6.44,
    "weight": 9.78,
    "water": 10.0,
    "H2O": 555084.3506179198,
    "M_Fe3": 0.048006349778580794,
    "M_Ferm": 0.08955971482170913,
    "M_Hydro": 0.36184711528357244,
    "M_Homo": 0.3454464269610151,
    "Vmax_help_Ferm": 0.4499259699691243,
    "Vmax_Ferm": 0.9536580930429454,
    "Vmax_Fe3": 2.6863526009515084,
    "Vmax_Homo": 0.4527197541699781,
    "Vmax_Hydro": 0.23886129057854638,
    "Vmax_Ac": 0.714021636457998,
    "Kmb_help_Ferm": 1736.2325444871385,
    "Km_help_Ferm": 1433.5971514340977,
    "Km_Ac_Acetate": 147.79731206615546,
    "Km_Homo_CO2": 693.3605184321864,
    "Km_Homo_H2": 48.878506845605095,
    "Km_Hydro_CO2": 971.5398089498518,
    "Km_Hydro_H2": 694.4084906974091,
    "Km_Fe3_Fe3": 405.07552291924077,
    "Km_Fe3_Acetate": 356.08664513991846,
    "Km_Ferm": 173.07610905841395,
    "Inhibition_Ferm": 3.202282551082769,
    "Fe3": 58.20703436194989,
    "M_Ac": 0.005709038079874853,
    "CUE_Ferm": 0.03259687795674049,
    "CUE_Fe3": 0.20966493135722897,
    "CUE_Ac": 0.3156130578488514,
    "CUE_Homo": 0.17226652827211453,
    "CUE_Hydro": 0.6133445418188959
}