{
    "Sensenmann": 8.33e-05,
    "Acetate": 1,
    "temperature": 4.0,
    "C": 2734.618888888889,
    "DOC": 54.692377777777786,
    "pH": 6.94,
    "weight": 13.06,
    "water": 6.5,
    "H2O": 360804.8279016479,
    "M_Fe3": 0.22510913421088402,
    "M_Ferm": 0.23057668553064126,
    "M_Hydro": 0.3159327403375068,
    "M_Homo": 0.08547609920142875,
    "Vmax_help_Ferm": 0.5102803679104888,
    "Vmax_Ferm": 2.849221579249074,
    "Vmax_Fe3": 0.1598697543169163,
    "Vmax_Homo": 0.419508223471274,
    "Vmax_Hydro": 0.5326422671174171,
    "Vmax_Ac": 0.579443390323055,
    "Kmb_help_Ferm": 869.2947653360707,
    "Km_Ac_Acetate": 3.250520375680863,
    "Km_Homo_CO2": 395.34540300196113,
    "Km_Homo_H2": 460.0653502088119,
    "Km_Hydro_CO2": 414.4527460028189,
    "Km_Hydro_H2": 636.9162011718794,
    "Km_Fe3_Fe3": 745.6485282810265,
    "Km_Fe3_Acetate": 651.0133416264564,
    "Km_Ferm": 727.3983609401425,
    "Inhibition_Ferm": 0.08420574620706489,
    "Fe3": 105.67982891329841,
    "M_Ac": 0.015341507776586317,
    "CUE_Ferm": 0.5003246388070048,
    "CUE_Fe3": 0.5034282704586308,
    "CUE_Ac": 0.07272400073509887,
    "CUE_Homo": 0.3069239896282591,
    "CUE_Hydro": 0.4968112233595072
}