{
    "Sensenmann": 8.33e-05,
    "Acetate": 1,
    "temperature": 4.0,
    "C": 2546.5533333333337,
    "DOC": 50.93106666666667,
    "pH": 3.95,
    "weight": 11.82,
    "water": 4.0,
    "H2O": 222033.74024716797,
    "M_Fe3": 0.049142120139560756,
    "M_Ferm": 0.23829592886368778,
    "M_Hydro": 0.1931917215740358,
    "M_Homo": 0.2663540383223415,
    "Vmax_help_Ferm": 0.46586289834582395,
    "Vmax_Ferm": 2.586947139392499,
    "Vmax_Fe3": 0.9769808807196112,
    "Vmax_Homo": 0.5114565106504596,
    "Vmax_Hydro": 0.5499714347645754,
    "Vmax_Ac": 0.5315633901559648,
    "Kmb_help_Ferm": 1054.2974646084497,
    "Km_Ac_Acetate": 120.22343632596858,
    "Km_Homo_CO2": 394.79584178100527,
    "Km_Homo_H2": 302.9777002071577,
    "Km_Hydro_CO2": 762.870485818393,
    "Km_Hydro_H2": 613.0750756518388,
    "Km_Fe3_Fe3": 325.1170977805535,
    "Km_Fe3_Acetate": 483.4755323310687,
    "Km_Ferm": 627.6988359200197,
    "Inhibition_Ferm": 12.032029432438144,
    "Fe3": 111.0735032463948,
    "M_Ac": 0.013319595767994047,
    "CUE_Ferm": 0.05403833657242399,
    "CUE_Fe3": 0.22462245738762043,
    "CUE_Ac": 0.36973792908774233,
    "CUE_Homo": 0.45796739984495927,
    "CUE_Hydro": 0.5745370520435635
}