{
    "Sensenmann": 8.33e-05,
    "Acetate": 1,
    "temperature": 4.0,
    "C": 3306.188888888889,
    "DOC": 66.12377777777778,
    "pH": 7.15,
    "weight": 12.22,
    "water": 7.3,
    "H2O": 405211.57595108147,
    "M_Fe3": 0.10712692030637525,
    "M_Ferm": 0.05273942995967871,
    "M_Hydro": 0.10073576424349864,
    "M_Homo": 0.4417738726457379,
    "Vmax_help_Ferm": 0.4572606672958895,
    "Vmax_Ferm": 4.593015836210131,
    "Vmax_Fe3": 0.3137962272616551,
    "Vmax_Homo": 0.1892947872014138,
    "Vmax_Hydro": 0.5531554232515236,
    "Vmax_Ac": 0.7328144795930318,
    "Kmb_help_Ferm": 1135.9446611441929,
    "Km_help_Ferm": 1297.8222611856108,
    "Km_Ac_Acetate": 127.44843075838828,
    "Km_Homo_CO2": 394.68120778539594,
    "Km_Homo_H2": 261.28683750127124,
    "Km_Hydro_CO2": 416.1474219887489,
    "Km_Hydro_H2": 997.6402222335894,
    "Km_Fe3_Fe3": 279.09606817373947,
    "Km_Fe3_Acetate": 978.693246950715,
    "Km_Ferm": 41.49988179941766,
    "Inhibition_Ferm": 10.200833669128956,
    "Fe3": 61.85855032435432,
    "M_Ac": 0.019380888775061948,
    "CUE_Ferm": 0.5107544790652713,
    "CUE_Fe3": 0.5571360089810486,
    "CUE_Ac": 0.6318814931653182,
    "CUE_Homo": 0.24761898888621192,
    "CUE_Hydro": 0.04431974707123931
}