{
    "Sensenmann": 8.33e-05,
    "Acetate": 1,
    "temperature": 4.0,
    "C": 5559.6,
    "DOC": 111.19200000000001,
    "pH": 4.45,
    "weight": 10.8,
    "water": 8.92,
    "H2O": 495135.2407511845,
    "M_Fe3": 0.22004587383087984,
    "M_Ferm": 0.3934353112457459,
    "M_Hydro": 0.4464255667472781,
    "M_Homo": 0.23318873801263332,
    "Vmax_help_Ferm": 0.24339057297685956,
    "Vmax_Ferm": 2.8396521661561342,
    "Vmax_Fe3": 2.524004453342383,
    "Vmax_Homo": 0.06398137608159626,
    "Vmax_Hydro": 0.4544224059076505,
    "Vmax_Ac": 0.9068466217712811,
    "Kmb_help_Ferm": 1184.8167876168302,
    "Km_help_Ferm": 5242.622102934497,
    "Km_Ac_Acetate": 374.96346209364316,
    "Km_Homo_CO2": 691.9271886688513,
    "Km_Homo_H2": 862.8469310618514,
    "Km_Hydro_CO2": 704.9233661990665,
    "Km_Hydro_H2": 861.5335846468502,
    "Km_Fe3_Fe3": 477.48840499597026,
    "Km_Fe3_Acetate": 466.29686862282267,
    "Km_Ferm": 684.2785171820341,
    "Inhibition_Ferm": 5.365543346599809,
    "Fe3": 164.40063259882277,
    "M_Ac": 0.0087361693331316,
    "CUE_Ferm": 0.5987564945319529,
    "CUE_Fe3": 0.7989127202045871,
    "CUE_Ac": 0.44173102995311003,
    "CUE_Homo": 0.38744013109941516,
    "CUE_Hydro": 0.9029955014846247
}