{
    "Sensenmann": 8.33e-05,
    "Acetate": 1,
    "temperature": 4.0,
    "C": 4993.266666666666,
    "DOC": 99.86533333333333,
    "pH": 4.78,
    "weight": 7.26,
    "water": 12.0,
    "H2O": 666101.2207415039,
    "M_Fe3": 0.09026656215853798,
    "M_Ferm": 0.2868933848566415,
    "M_Hydro": 0.18553763741006848,
    "M_Homo": 0.3312929807008347,
    "Vmax_help_Ferm": 0.8744553951228563,
    "Vmax_Ferm": 1.6994128191964253,
    "Vmax_Fe3": 1.514793662848712,
    "Vmax_Homo": 0.509502371625037,
    "Vmax_Hydro": 0.4181247655434676,
    "Vmax_Ac": 0.8297290064529411,
    "Kmb_help_Ferm": 775.4188349360342,
    "Km_help_Ferm": 5.348690749982779,
    "Km_Ac_Acetate": 176.40333900834327,
    "Km_Homo_CO2": 555.513490446042,
    "Km_Homo_H2": 416.76458662583536,
    "Km_Hydro_CO2": 337.5615921929803,
    "Km_Hydro_H2": 537.2979581136989,
    "Km_Fe3_Fe3": 522.7408280783937,
    "Km_Fe3_Acetate": 387.7850897590534,
    "Km_Ferm": 692.5584763831683,
    "Inhibition_Ferm": 7.837326090340072,
    "Fe3": 153.6503897165342,
    "M_Ac": 0.0003128871953742907,
    "CUE_Ferm": 0.33739335948752125,
    "CUE_Fe3": 0.0036061222077972133,
    "CUE_Ac": 0.6316007050440406,
    "CUE_Homo": 0.31470314027579904,
    "CUE_Hydro": 0.44627376177439265
}