{
    "Sensenmann": 8.33e-05,
    "Acetate": 1,
    "temperature": 4.0,
    "C": 5559.6,
    "DOC": 111.19200000000001,
    "pH": 4.45,
    "weight": 10.8,
    "water": 8.92,
    "H2O": 495135.2407511845,
    "M_Fe3": 0.13210938092473115,
    "M_Ferm": 0.05486583142519711,
    "M_Hydro": 0.4324840567444736,
    "M_Homo": 0.16399872630138615,
    "Vmax_help_Ferm": 0.785336312410282,
    "Vmax_Ferm": 3.978436383183047,
    "Vmax_Fe3": 2.184675682863292,
    "Vmax_Homo": 0.24166163412594927,
    "Vmax_Hydro": 0.43985505391785684,
    "Vmax_Ac": 0.5285250490152632,
    "Kmb_help_Ferm": 1612.2996741230297,
    "Km_help_Ferm": 4261.004402824881,
    "Km_Ac_Acetate": 540.0535964882281,
    "Km_Homo_CO2": 804.1446362530994,
    "Km_Homo_H2": 625.3841111221775,
    "Km_Hydro_CO2": 220.29966819304812,
    "Km_Hydro_H2": 712.0521212674428,
    "Km_Fe3_Fe3": 623.2518413743464,
    "Km_Fe3_Acetate": 524.6548165634493,
    "Km_Ferm": 443.84478342825355,
    "Inhibition_Ferm": 4.435614835159613,
    "Fe3": 101.6374290236314,
    "M_Ac": 0.009692850413741176,
    "CUE_Ferm": 0.4862769651920813,
    "CUE_Fe3": 0.8293642722960877,
    "CUE_Ac": 0.0271573897618842,
    "CUE_Homo": 0.025578161548886147,
    "CUE_Hydro": 0.7677887038407794
}