{
    "Sensenmann": 8.33e-05,
    "Acetate": 1,
    "temperature": 4.0,
    "C": 2546.5533333333337,
    "DOC": 50.93106666666667,
    "pH": 3.95,
    "weight": 11.82,
    "water": 4.0,
    "H2O": 222033.74024716797,
    "M_Fe3": 0.042797417018160235,
    "M_Ferm": 0.313728846851775,
    "M_Hydro": 0.023363576852947744,
    "M_Homo": 0.14349765126715863,
    "Vmax_help_Ferm": 0.9161051000769415,
    "Vmax_Ferm": 3.0433492311659385,
    "Vmax_Fe3": 0.4365591137499078,
    "Vmax_Homo": 0.15463855552736905,
    "Vmax_Hydro": 0.752414558644441,
    "Vmax_Ac": 0.948577135712091,
    "Kmb_help_Ferm": 1358.5791899489477,
    "Km_help_Ferm": 3889.613328116596,
    "Km_Ac_Acetate": 257.99845205608455,
    "Km_Homo_CO2": 878.517854748676,
    "Km_Homo_H2": 634.3028744675478,
    "Km_Hydro_CO2": 821.7457042307029,
    "Km_Hydro_H2": 228.44820148978096,
    "Km_Fe3_Fe3": 472.1738458642452,
    "Km_Fe3_Acetate": 435.4017719465021,
    "Km_Ferm": 697.87383389621,
    "Inhibition_Ferm": 17.414843268152804,
    "Fe3": 35.29534126749361,
    "M_Ac": 0.016736797169792362,
    "CUE_Ferm": 0.1575510652344767,
    "CUE_Fe3": 0.29866967898211394,
    "CUE_Ac": 0.11635256061086441,
    "CUE_Homo": 0.5163825557770618,
    "CUE_Hydro": 0.10116015958504265
}