{
    "Sensenmann": 8.33e-05,
    "Acetate": 1,
    "temperature": 4.0,
    "C": 2414.1933333333336,
    "DOC": 48.283866666666675,
    "pH": 5.77,
    "weight": 9.96,
    "water": 11.5,
    "H2O": 638347.0032106079,
    "M_Fe3": 0.052305766001647526,
    "M_Ferm": 0.46840487445126594,
    "M_Hydro": 0.15484798733577787,
    "M_Homo": 0.13787796870794847,
    "Vmax_help_Ferm": 0.8929361415106554,
    "Vmax_Ferm": 2.8762273000171867,
    "Vmax_Fe3": 1.2959375259687673,
    "Vmax_Homo": 0.19070797669545977,
    "Vmax_Hydro": 0.7273627858566044,
    "Vmax_Ac": 0.9687093310818174,
    "Kmb_help_Ferm": 115.06490600079444,
    "Km_help_Ferm": 6350.974109641732,
    "Km_Ac_Acetate": 309.40332212721466,
    "Km_Homo_CO2": 146.12717551202888,
    "Km_Homo_H2": 746.4446481976553,
    "Km_Hydro_CO2": 854.142560003071,
    "Km_Hydro_H2": 169.18848415667586,
    "Km_Fe3_Fe3": 438.29092407506784,
    "Km_Fe3_Acetate": 213.095501630333,
    "Km_Ferm": 871.6376568481796,
    "Inhibition_Ferm": 9.755845126677956,
    "Fe3": 158.4836121563012,
    "M_Ac": 0.014887217527716531,
    "CUE_Ferm": 0.0013081390769720258,
    "CUE_Fe3": 0.14451896577978296,
    "CUE_Ac": 0.4483333563981231,
    "CUE_Homo": 0.7868896718390002,
    "CUE_Hydro": 0.16058066001646965
}