{
    "Sensenmann": 8.33e-05,
    "Acetate": 1,
    "temperature": 4.0,
    "C": 2734.618888888889,
    "DOC": 54.692377777777786,
    "pH": 6.94,
    "weight": 13.06,
    "water": 6.5,
    "H2O": 360804.8279016479,
    "M_Fe3": 0.24386738060986793,
    "M_Ferm": 0.2497941456611302,
    "M_Hydro": 0.23776978612497338,
    "M_Homo": 0.44702274732898767,
    "Vmax_help_Ferm": 0.45869488192543295,
    "Vmax_Ferm": 2.414785953433136,
    "Vmax_Fe3": 0.9771485063787014,
    "Vmax_Homo": 0.8328642628655128,
    "Vmax_Hydro": 0.956031958807257,
    "Vmax_Ac": 0.9708004406747379,
    "Kmb_help_Ferm": 930.7747123951016,
    "Km_help_Ferm": 4938.320705913627,
    "Km_Ac_Acetate": 286.654045737776,
    "Km_Homo_CO2": 823.6080956733766,
    "Km_Homo_H2": 711.9806496410682,
    "Km_Hydro_CO2": 129.46269622798746,
    "Km_Hydro_H2": 925.799429530543,
    "Km_Fe3_Fe3": 51.25939780127743,
    "Km_Fe3_Acetate": 422.4478407076071,
    "Km_Ferm": 422.61037740868375,
    "Inhibition_Ferm": 14.141979140855677,
    "Fe3": 11.575752403259138,
    "M_Ac": 0.016499350260242657,
    "CUE_Ferm": 0.1236417040293231,
    "CUE_Fe3": 0.7820390458702113,
    "CUE_Ac": 0.205494195882167,
    "CUE_Homo": 0.9143559259590986,
    "CUE_Hydro": 0.6766089578030843
}