{
    "Sensenmann": 8.33e-05,
    "Acetate": 1,
    "temperature": 4.0,
    "C": 1551.911111111111,
    "DOC": 31.03822222222222,
    "pH": 6.57,
    "weight": 8.84,
    "water": 8.2,
    "H2O": 455169.16750669427,
    "M_Fe3": 0.1480167664714215,
    "M_Ferm": 0.16586441625010198,
    "M_Hydro": 0.24800664098866906,
    "M_Homo": 0.38728522421568273,
    "Vmax_help_Ferm": 0.2700067464565444,
    "Vmax_Ferm": 4.6387332729816295,
    "Vmax_Fe3": 2.4545038207073535,
    "Vmax_Homo": 0.1458776250815612,
    "Vmax_Hydro": 0.326322492200782,
    "Vmax_Ac": 0.5496241947307553,
    "Kmb_help_Ferm": 1745.2835603672327,
    "Km_help_Ferm": 3722.82292591704,
    "Km_Ac_Acetate": 183.91778904827055,
    "Km_Homo_CO2": 712.9810841056837,
    "Km_Homo_H2": 782.8518504174799,
    "Km_Hydro_CO2": 708.3557103865113,
    "Km_Hydro_H2": 724.2567311656653,
    "Km_Fe3_Fe3": 524.2426164779362,
    "Km_Fe3_Acetate": 543.5620923639707,
    "Km_Ferm": 295.29961640985283,
    "Inhibition_Ferm": 10.413003717967149,
    "Fe3": 160.62685527148145,
    "M_Ac": 0.018371933273910433,
    "CUE_Ferm": 0.18417713543420272,
    "CUE_Fe3": 0.3885412286724339,
    "CUE_Ac": 0.5628552851854413,
    "CUE_Homo": 0.3482006200598418,
    "CUE_Hydro": 0.03900690107320681
}