{
    "Sensenmann": 8.33e-05,
    "Acetate": 1,
    "temperature": 4.0,
    "C": 1753.4722222222222,
    "DOC": 35.06944444444444,
    "pH": 7.9,
    "weight": 12.5,
    "water": 7.5,
    "H2O": 416313.2629634399,
    "M_Fe3": 0.23779964409218082,
    "M_Ferm": 0.42864101568544183,
    "M_Hydro": 0.25621937558336233,
    "M_Homo": 0.24130119229601407,
    "Vmax_help_Ferm": 0.9271291317643455,
    "Vmax_Ferm": 4.480898707508134,
    "Vmax_Fe3": 1.714511848657538,
    "Vmax_Homo": 0.3895864242600907,
    "Vmax_Hydro": 0.4032875508500479,
    "Vmax_Ac": 0.4204230000041532,
    "Kmb_help_Ferm": 1648.680121635636,
    "Km_help_Ferm": 8209.109987200654,
    "Km_Ac_Acetate": 63.61913633904881,
    "Km_Homo_CO2": 228.31232491563102,
    "Km_Homo_H2": 771.2414759429475,
    "Km_Hydro_CO2": 304.02809399871614,
    "Km_Hydro_H2": 266.2504359716602,
    "Km_Fe3_Fe3": 8.551789309757462,
    "Km_Fe3_Acetate": 388.31524696900453,
    "Km_Ferm": 319.1104969574923,
    "Inhibition_Ferm": 9.988019700879484,
    "Fe3": 88.7961402806948,
    "M_Ac": 0.006745810517457356,
    "CUE_Ferm": 0.23880121823053968,
    "CUE_Fe3": 0.548778939788296,
    "CUE_Ac": 0.4706825559544349,
    "CUE_Homo": 0.5679654328259197,
    "CUE_Hydro": 0.25777068758131705
}