{
    "Sensenmann": 8.33e-05,
    "Acetate": 1,
    "temperature": 4.0,
    "C": 3055.8055555555557,
    "DOC": 61.11611111111112,
    "pH": 7.22,
    "weight": 11.5,
    "water": 8.8,
    "H2O": 488474.22854376957,
    "M_Fe3": 0.44291292939140897,
    "M_Ferm": 0.3419059680341861,
    "M_Hydro": 0.47202385779083134,
    "M_Homo": 0.20130957473166491,
    "Vmax_help_Ferm": 0.7161592564809542,
    "Vmax_Ferm": 1.373900152516403,
    "Vmax_Fe3": 2.773383081281282,
    "Vmax_Homo": 0.5491405904837074,
    "Vmax_Hydro": 0.7382794142101373,
    "Vmax_Ac": 0.15448709873494526,
    "Kmb_help_Ferm": 1026.6940166459322,
    "Km_help_Ferm": 7002.4131360915835,
    "Km_Ac_Acetate": 647.5522483139231,
    "Km_Homo_CO2": 520.8506260926141,
    "Km_Homo_H2": 745.677064137755,
    "Km_Hydro_CO2": 742.0581144797734,
    "Km_Hydro_H2": 408.6757751879915,
    "Km_Fe3_Fe3": 437.9543272561276,
    "Km_Fe3_Acetate": 483.77354347553927,
    "Km_Ferm": 757.4240503580845,
    "Inhibition_Ferm": 11.977763868663367,
    "Fe3": 176.66724576052837,
    "M_Ac": 0.013481649535468522,
    "CUE_Ferm": 0.24630199201954828,
    "CUE_Fe3": 0.015467905356033373,
    "CUE_Ac": 0.10579876363778862,
    "CUE_Homo": 0.5289869638115767,
    "CUE_Hydro": 0.4979801542687631
}