{
    "Sensenmann": 8.33e-05,
    "Acetate": 1,
    "temperature": 4.0,
    "C": 2852.011111111111,
    "DOC": 57.04022222222222,
    "pH": 7.15,
    "weight": 14.15,
    "water": 5.85,
    "H2O": 324724.3451114831,
    "M_Fe3": 0.10001935569588147,
    "M_Ferm": 0.37722846320155634,
    "M_Hydro": 0.33285002377397793,
    "M_Homo": 0.17767846426908668,
    "Vmax_help_Ferm": 0.30533677185992925,
    "Vmax_Ferm": 3.934032772981165,
    "Vmax_Fe3": 2.6017168249892637,
    "Vmax_Homo": 0.7170569245205163,
    "Vmax_Hydro": 0.26937227237021094,
    "Vmax_Ac": 0.3541469254996163,
    "Kmb_help_Ferm": 117.6164525668314,
    "Km_help_Ferm": 1254.0578480625918,
    "Km_Ac_Acetate": 58.010047390515936,
    "Km_Homo_CO2": 529.1443549884605,
    "Km_Homo_H2": 181.15559005523744,
    "Km_Hydro_CO2": 703.899277286324,
    "Km_Hydro_H2": 896.5614849782653,
    "Km_Fe3_Fe3": 944.9127867622337,
    "Km_Fe3_Acetate": 388.1808543422261,
    "Km_Ferm": 251.08918011942856,
    "Inhibition_Ferm": 8.948489771092348,
    "Fe3": 163.2540068573489,
    "M_Ac": 0.0037409780663848827,
    "CUE_Ferm": 0.1578727635472571,
    "CUE_Fe3": 0.8329502888446002,
    "CUE_Ac": 0.4492093625622976,
    "CUE_Homo": 0.9375974137647483,
    "CUE_Hydro": 0.8372535188185113
}