{
    "M_Fe3": 0.2,
    "M_Ferm": 0.02,
    "M_Hydro": 0.0025,
    "M_Homo": 0.0001,
    "Sensenmann": 0,
    "Acetate": 1,
    "temperature": 4.0,
    "C": 1753.4722222222222,
    "DOC": 35.06944444444444,
    "pH": 7.9,
    "weight": 12.5,
    "water": 7.5,
    "Vmax_help_Ferm": 0.042157254434124186,
    "Vmax_Ferm": 0.26354748087591334,
    "Vmax_Fe3": 1.8551187805766698,
    "Vmax_Homo": 0.08896978264590003,
    "Vmax_Hydro": 0.4627651269834396,
    "Vmax_Ac": 0.44428899898088514,
    "Kmb_help_Ferm": 12.982241552865798,
    "Inhibition_Ferm": 17.764834361342835,
    "Fe3": 21.499173496584657,
    "M_Ac": 0.010387524957725786,
    "CUE_Ferm": 0.05858929477182162,
    "CUE_Fe3": 0.9695547265865518,
    "CUE_Ac": 0.33795796456794025,
    "CUE_Homo": 0.34197338704948144,
    "CUE_Hydro": 0.33650623025974
}