{
    "Sensenmann": 8.33e-05,
    "Acetate": 1,
    "temperature": 4.0,
    "C": 1876.5166666666667,
    "DOC": 37.53033333333333,
    "pH": 6.74,
    "weight": 17.9,
    "water": 2.5,
    "H2O": 138771.08765447995,
    "M_Fe3": 0.4702058965687273,
    "M_Ferm": 0.1898550819279227,
    "M_Hydro": 0.3723342250877937,
    "M_Homo": 0.003812272588736322,
    "Vmax_help_Ferm": 0.9521173464592143,
    "Vmax_Ferm": 4.79078651949535,
    "Vmax_Fe3": 0.9680948072156245,
    "Vmax_Homo": 0.7109934083979069,
    "Vmax_Hydro": 0.1888183051462632,
    "Vmax_Ac": 0.8806228721602825,
    "Kmb_help_Ferm": 1186.559240631721,
    "Km_help_Ferm": 7924.203275961213,
    "Km_Ac_Acetate": 509.02628750718554,
    "Km_Homo_CO2": 833.1649247490556,
    "Km_Homo_H2": 206.60483454367875,
    "Km_Hydro_CO2": 413.83628549955193,
    "Km_Hydro_H2": 440.0458637253517,
    "Km_Fe3_Fe3": 887.0298915050564,
    "Km_Fe3_Acetate": 604.3409344050034,
    "Km_Ferm": 485.5083770555141,
    "Inhibition_Ferm": 7.76281092954288,
    "Fe3": 221.7501162830754,
    "M_Ac": 0.004076306446233462,
    "CUE_Ferm": 0.6689338650081701,
    "CUE_Fe3": 0.5325329057132686,
    "CUE_Ac": 0.8015894803842951,
    "CUE_Homo": 0.44583856012089984,
    "CUE_Hydro": 0.7556288949644698
}