{
    "Sensenmann": 8.33e-05,
    "Acetate": 1,
    "temperature": 4.0,
    "C": 1121.9666666666667,
    "DOC": 22.439333333333334,
    "pH": 7.6,
    "weight": 13.88,
    "water": 5.4,
    "H2O": 299745.54933367675,
    "M_Fe3": 0.1340515412212248,
    "M_Ferm": 0.38941676695452787,
    "M_Hydro": 0.027568349353586947,
    "M_Homo": 0.2832006749798039,
    "Vmax_help_Ferm": 0.14827652481707507,
    "Vmax_Ferm": 4.281302955783652,
    "Vmax_Fe3": 1.4743040539793315,
    "Vmax_Homo": 0.2986914891082252,
    "Vmax_Hydro": 0.7934768051202307,
    "Vmax_Ac": 0.05678602108011491,
    "Kmb_help_Ferm": 1900.2978690335674,
    "Km_help_Ferm": 1858.128622032345,
    "Km_Ac_Acetate": 791.8286031351386,
    "Km_Homo_CO2": 97.84889345711701,
    "Km_Homo_H2": 240.4453487991848,
    "Km_Hydro_CO2": 932.114608300421,
    "Km_Hydro_H2": 715.9596986860436,
    "Km_Fe3_Fe3": 22.175087444544626,
    "Km_Fe3_Acetate": 582.1239315682265,
    "Km_Ferm": 1.7638290315809468,
    "Inhibition_Ferm": 5.174247156114898,
    "Fe3": 167.9623685761832,
    "M_Ac": 0.006385807486012863,
    "CUE_Ferm": 0.18642144891729195,
    "CUE_Fe3": 0.5795149935742875,
    "CUE_Ac": 0.7936927387708067,
    "CUE_Homo": 0.07893658382106916,
    "CUE_Hydro": 0.9058829832444486
}