{
    "Sensenmann": 8.33e-05,
    "Acetate": 1,
    "temperature": 4.0,
    "C": 2594.246111111111,
    "DOC": 51.88492222222222,
    "pH": 6.42,
    "weight": 9.67,
    "water": 10.5,
    "H2O": 582838.5681488159,
    "M_Fe3": 0.18194710742797288,
    "M_Ferm": 0.04874122858811937,
    "M_Hydro": 0.1646677029950165,
    "M_Homo": 0.4817820511201917,
    "Vmax_help_Ferm": 0.4987592160588587,
    "Vmax_Ferm": 4.088791661699458,
    "Vmax_Fe3": 0.6681715809823677,
    "Vmax_Homo": 0.42877943555279463,
    "Vmax_Hydro": 0.37664153407978085,
    "Vmax_Ac": 0.3863837733806461,
    "Kmb_help_Ferm": 1624.7392223118595,
    "Km_help_Ferm": 9914.370781730537,
    "Km_Ac_Acetate": 26.08813019230427,
    "Km_Homo_CO2": 147.1513730206404,
    "Km_Homo_H2": 237.160189841991,
    "Km_Hydro_CO2": 705.9394174564667,
    "Km_Hydro_H2": 512.5488495091396,
    "Km_Fe3_Fe3": 911.7590183295107,
    "Km_Fe3_Acetate": 264.51063563727496,
    "Km_Ferm": 701.2221632217268,
    "Inhibition_Ferm": 15.655725023196595,
    "Fe3": 188.33458351201844,
    "M_Ac": 0.014602094293021511,
    "CUE_Ferm": 0.12544366004528673,
    "CUE_Fe3": 0.8462598880206382,
    "CUE_Ac": 0.571395066991142,
    "CUE_Homo": 0.018965215026454874,
    "CUE_Hydro": 0.24683470092865112
}