{
    "Sensenmann": 8.33e-05,
    "Acetate": 1,
    "temperature": 4.0,
    "C": 1876.5166666666667,
    "DOC": 37.53033333333333,
    "pH": 6.74,
    "weight": 17.9,
    "water": 2.5,
    "H2O": 138771.08765447995,
    "M_Fe3": 0.1067634806628496,
    "M_Ferm": 0.4654867400593099,
    "M_Hydro": 0.013152933599247442,
    "M_Homo": 0.02143377765006136,
    "Vmax_help_Ferm": 0.9905394289825988,
    "Vmax_Ferm": 3.204453164489309,
    "Vmax_Fe3": 0.3372247433086406,
    "Vmax_Homo": 0.5788983613082972,
    "Vmax_Hydro": 0.3099096708120603,
    "Vmax_Ac": 0.9401337920968756,
    "Kmb_help_Ferm": 708.0542280416848,
    "Km_help_Ferm": 2954.0771846913476,
    "Km_Ac_Acetate": 207.83496902741206,
    "Km_Homo_CO2": 645.5282817726957,
    "Km_Homo_H2": 601.5073133490779,
    "Km_Hydro_CO2": 663.1217945409765,
    "Km_Hydro_H2": 233.12444964563605,
    "Km_Fe3_Fe3": 688.6251012360954,
    "Km_Fe3_Acetate": 587.609442154953,
    "Km_Ferm": 563.0599074321691,
    "Inhibition_Ferm": 14.7284742814948,
    "Fe3": 164.00552766627303,
    "M_Ac": 0.01724578367844577,
    "CUE_Ferm": 0.6908670887313688,
    "CUE_Fe3": 0.28220076694711527,
    "CUE_Ac": 0.581291920153443,
    "CUE_Homo": 0.1182017568972793,
    "CUE_Hydro": 0.366728200646091
}