{
    "Sensenmann": 8.33e-05,
    "Acetate": 1,
    "temperature": 4.0,
    "C": 1898.44,
    "DOC": 37.9688,
    "pH": 5.98,
    "weight": 7.44,
    "water": 13.0,
    "H2O": 721609.6558032958,
    "M_Fe3": 0.04593794218137751,
    "M_Ferm": 0.07072598520849008,
    "M_Hydro": 0.3172752853628113,
    "M_Homo": 0.23898184994696473,
    "Vmax_help_Ferm": 0.9922876604356133,
    "Vmax_Ferm": 1.918195146404833,
    "Vmax_Fe3": 2.734631091087305,
    "Vmax_Homo": 0.8088345451322498,
    "Vmax_Hydro": 0.673956492549207,
    "Vmax_Ac": 0.6905866923248848,
    "Kmb_help_Ferm": 549.7247311982851,
    "Km_help_Ferm": 5105.236865395951,
    "Km_Ac_Acetate": 570.9120693275111,
    "Km_Homo_CO2": 149.95747259025842,
    "Km_Homo_H2": 460.0151992993787,
    "Km_Hydro_CO2": 811.5036988243465,
    "Km_Hydro_H2": 274.4473039161233,
    "Km_Fe3_Fe3": 361.77841630989826,
    "Km_Fe3_Acetate": 405.0615201098158,
    "Km_Ferm": 376.9816025276905,
    "Inhibition_Ferm": 14.290853716705039,
    "Fe3": 209.4687388369467,
    "M_Ac": 0.017194332142298725,
    "CUE_Ferm": 0.04860084605647419,
    "CUE_Fe3": 0.6257888854075597,
    "CUE_Ac": 0.7569019390188405,
    "CUE_Homo": 0.17805169319254088,
    "CUE_Hydro": 0.1170886387109511
}