{
    "Sensenmann": 8.33e-05,
    "Acetate": 1,
    "temperature": 4.0,
    "C": 4075.4000000000005,
    "DOC": 81.50800000000001,
    "pH": 7.05,
    "weight": 12.3,
    "water": 9.9,
    "H2O": 549533.5071117406,
    "M_Fe3": 0.2027699027821042,
    "M_Ferm": 0.3913120479257887,
    "M_Hydro": 0.4407757539291829,
    "M_Homo": 0.4217699730982968,
    "Vmax_help_Ferm": 0.7586807399902424,
    "Vmax_Ferm": 1.594426467356234,
    "Vmax_Fe3": 1.8967399308968627,
    "Vmax_Homo": 0.3669097802933088,
    "Vmax_Hydro": 0.8806606352483188,
    "Vmax_Ac": 0.9851314870888006,
    "Kmb_help_Ferm": 454.81136251089737,
    "Km_help_Ferm": 3170.1832347206646,
    "Km_Ac_Acetate": 802.4786481493426,
    "Km_Homo_CO2": 14.064718742222956,
    "Km_Homo_H2": 158.07565016883524,
    "Km_Hydro_CO2": 247.37192031579704,
    "Km_Hydro_H2": 381.377677937666,
    "Km_Fe3_Fe3": 527.3842694760946,
    "Km_Fe3_Acetate": 367.9111420760187,
    "Km_Ferm": 622.1819311438101,
    "Inhibition_Ferm": 15.215054329116835,
    "Fe3": 116.0725832008498,
    "M_Ac": 0.009222664582485076,
    "CUE_Ferm": 0.33530175778131377,
    "CUE_Fe3": 0.40890520940079655,
    "CUE_Ac": 0.8674032427024484,
    "CUE_Homo": 0.4687135389011552,
    "CUE_Hydro": 0.4978144688949717
}