{
    "M_Fe3": 0.2,
    "M_Ferm": 0.02,
    "M_Hydro": 0.0025,
    "M_Homo": 0.0001,
    "Sensenmann": 8.33e-05,
    "Acetate": 1,
    "temperature": 4.0,
    "C": 3306.188888888889,
    "DOC": 66.12377777777778,
    "pH": 7.15,
    "weight": 12.22,
    "water": 7.3,
    "H2O": 405211.57595108147,
    "Vmax_help_Ferm": 0.049889907534792194,
    "Vmax_Ferm": 0.3188379137393717,
    "Vmax_Fe3": 1.5100960668920917,
    "Vmax_Homo": 0.7019932749205492,
    "Vmax_Hydro": 0.6482240957612692,
    "Vmax_Ac": 0.589977315999319,
    "Kmb_help_Ferm": 9.983334936019288,
    "Km_help_Ferm": 3072.941889702146,
    "Km_Ac_Acetate": 0.10819736398684654,
    "Km_Homo_CO2": 207.31066234476555,
    "Km_Homo_H2": 512.167199814683,
    "Km_Hydro_CO2": 740.5497107117866,
    "Km_Hydro_H2": 414.4900560101479,
    "Km_Fe3_Fe3": 332.4099143133327,
    "Km_Fe3_Acetate": 453.00225608283733,
    "Km_Ferm": 216.956747449045,
    "Inhibition_Ferm": 10.141589806732304,
    "Fe3": 16.306403965876438,
    "M_Ac": 0.010554924660756311,
    "CUE_Ferm": 0.01713967542306244,
    "CUE_Fe3": 0.01025767400708795,
    "CUE_Ac": 0.0604357344444494,
    "CUE_Homo": 0.04770965368350888,
    "CUE_Hydro": 0.04895164369778786
}