{
    "Sensenmann": 8.33e-05,
    "Acetate": 1,
    "temperature": 4.0,
    "C": 4089.83,
    "DOC": 81.7966,
    "pH": 4.3,
    "weight": 10.02,
    "water": 7.2,
    "H2O": 399660.7324449023,
    "M_Fe3": 0.22826568328935498,
    "M_Ferm": 0.21187323426044086,
    "M_Hydro": 0.3021690492742783,
    "M_Homo": 0.16824124404273416,
    "Vmax_help_Ferm": 0.4955927874490673,
    "Vmax_Ferm": 1.9861436367064964,
    "Vmax_Fe3": 0.5363587290408747,
    "Vmax_Homo": 0.6819770365488499,
    "Vmax_Hydro": 0.49568456521547555,
    "Vmax_Ac": 0.8730583649293756,
    "Kmb_help_Ferm": 735.1001851603511,
    "Km_Ac_Acetate": 99.80208985316247,
    "Km_Homo_CO2": 533.3942274792404,
    "Km_Homo_H2": 590.8905201553691,
    "Km_Hydro_CO2": 719.3465933449035,
    "Km_Hydro_H2": 572.8035756630438,
    "Km_Fe3_Fe3": 363.56794966530106,
    "Km_Fe3_Acetate": 789.6913277516661,
    "Km_Ferm": 672.5189776414502,
    "Inhibition_Ferm": 6.013485894816516,
    "Fe3": 0.9959525358609369,
    "M_Ac": 0.011826058066877275,
    "CUE_Ferm": 0.1909476940426641,
    "CUE_Fe3": 0.5959564379315037,
    "CUE_Ac": 0.22358887344520653,
    "CUE_Homo": 0.18672578702768083,
    "CUE_Hydro": 0.3664251596719734
}