{
    "Sensenmann": 8.33e-05,
    "Acetate": 1,
    "temperature": 4.0,
    "C": 1093.821333333333,
    "DOC": 21.876426666666664,
    "pH": 6.08,
    "weight": 14.226,
    "water": 6.6,
    "H2O": 366355.6714078271,
    "M_Fe3": 0.2491608728436398,
    "M_Ferm": 0.4212536579108233,
    "M_Hydro": 0.18931539502311148,
    "M_Homo": 0.17511053426838288,
    "Vmax_help_Ferm": 0.774681929975284,
    "Vmax_Ferm": 4.381396937862003,
    "Vmax_Fe3": 2.5273731269928597,
    "Vmax_Homo": 0.0810285100095075,
    "Vmax_Hydro": 0.1587417916395336,
    "Vmax_Ac": 0.9476019977538117,
    "Kmb_help_Ferm": 1913.4447701963443,
    "Km_help_Ferm": 6209.999396485259,
    "Km_Ac_Acetate": 401.3163957618103,
    "Km_Homo_CO2": 698.772769078792,
    "Km_Homo_H2": 950.5180389337173,
    "Km_Hydro_CO2": 578.46768859524,
    "Km_Hydro_H2": 753.0127974151883,
    "Km_Fe3_Fe3": 270.233386199173,
    "Km_Fe3_Acetate": 406.5904978996823,
    "Km_Ferm": 521.9331370825735,
    "Inhibition_Ferm": 6.003218498220108,
    "Fe3": 41.041470373032446,
    "M_Ac": 0.011085152990195753,
    "CUE_Ferm": 0.15508954717035994,
    "CUE_Fe3": 0.1319570550218676,
    "CUE_Ac": 0.4792259662872014,
    "CUE_Homo": 0.35192838113440944,
    "CUE_Hydro": 0.46162468194008843
}