{
    "Sensenmann": 8.33e-05,
    "Acetate": 1,
    "temperature": 4.0,
    "C": 4037.866666666667,
    "DOC": 80.75733333333334,
    "pH": 5.99,
    "weight": 10.72,
    "water": 12.5,
    "H2O": 693855.4382723998,
    "M_Fe3": 0.4365161073442882,
    "M_Ferm": 0.13028581040438592,
    "M_Hydro": 0.3897682482523868,
    "M_Homo": 0.47123763566872723,
    "Vmax_help_Ferm": 0.8747860789429402,
    "Vmax_Ferm": 1.6184609533702736,
    "Vmax_Fe3": 2.194424266110424,
    "Vmax_Homo": 0.24070694436996487,
    "Vmax_Hydro": 0.8511417045098413,
    "Vmax_Ac": 0.7070167802804695,
    "Kmb_help_Ferm": 1103.209832683601,
    "Km_help_Ferm": 368.7910332856948,
    "Km_Ac_Acetate": 323.0256343912949,
    "Km_Homo_CO2": 305.7252752282865,
    "Km_Homo_H2": 46.56027670346641,
    "Km_Hydro_CO2": 483.62977044861987,
    "Km_Hydro_H2": 487.58517214025915,
    "Km_Fe3_Fe3": 583.4381091398196,
    "Km_Fe3_Acetate": 481.89590853340326,
    "Km_Ferm": 545.1913429225015,
    "Inhibition_Ferm": 8.503313832192905,
    "Fe3": 137.10564017490208,
    "M_Ac": 0.015056290745709983,
    "CUE_Ferm": 0.14256304294997357,
    "CUE_Fe3": 0.205096658626454,
    "CUE_Ac": 0.7279472584914856,
    "CUE_Homo": 0.15310904805908976,
    "CUE_Hydro": 0.03962023359835465
}