{
    "Sensenmann": 8.33e-05,
    "Acetate": 1,
    "temperature": 4.0,
    "C": 724.3888888888889,
    "DOC": 14.48777777777778,
    "pH": 5.95,
    "weight": 17.0,
    "water": 4.0,
    "H2O": 222033.74024716797,
    "M_Fe3": 0.06470118489654561,
    "M_Ferm": 0.08180915144534343,
    "M_Hydro": 0.06513332286126218,
    "M_Homo": 0.19891703053814874,
    "Vmax_help_Ferm": 0.9669358445000166,
    "Vmax_Ferm": 3.5855771632975726,
    "Vmax_Fe3": 2.216947330255202,
    "Vmax_Homo": 0.21076448452002636,
    "Vmax_Hydro": 0.9743802664580611,
    "Vmax_Ac": 0.14146388637007457,
    "Kmb_help_Ferm": 1092.299578403611,
    "Km_help_Ferm": 9825.042108827223,
    "Km_Ac_Acetate": 682.1151910463342,
    "Km_Homo_CO2": 758.9946058020365,
    "Km_Homo_H2": 967.5623584718404,
    "Km_Hydro_CO2": 240.2840176560754,
    "Km_Hydro_H2": 860.9575369189992,
    "Km_Fe3_Fe3": 223.81227855335027,
    "Km_Fe3_Acetate": 64.98708739106758,
    "Km_Ferm": 143.24870112608951,
    "Inhibition_Ferm": 10.983779740244316,
    "Fe3": 68.74303399176075,
    "M_Ac": 0.0040193650100575915,
    "CUE_Ferm": 0.13860287581241226,
    "CUE_Fe3": 0.30085923508747126,
    "CUE_Ac": 0.24031303937916326,
    "CUE_Homo": 0.49205868335228586,
    "CUE_Hydro": 0.7087615825337299
}