{
    "Sensenmann": 8.33e-05,
    "Acetate": 1,
    "temperature": 4.0,
    "C": 1876.5166666666667,
    "DOC": 37.53033333333333,
    "pH": 6.74,
    "weight": 17.9,
    "water": 2.5,
    "H2O": 138771.08765447995,
    "M_Fe3": 0.4995113953391031,
    "M_Ferm": 0.036629781569361794,
    "M_Hydro": 0.20821907106494295,
    "M_Homo": 0.1750356725581319,
    "Vmax_help_Ferm": 0.1988059785025438,
    "Vmax_Ferm": 3.3446734012330634,
    "Vmax_Fe3": 0.05455043856274213,
    "Vmax_Homo": 0.36674437047563996,
    "Vmax_Hydro": 0.9808329728944567,
    "Vmax_Ac": 0.1288118707458095,
    "Kmb_help_Ferm": 273.2857825857465,
    "Km_help_Ferm": 9429.347007515387,
    "Km_Ac_Acetate": 62.535228930377514,
    "Km_Homo_CO2": 763.723425636209,
    "Km_Homo_H2": 583.4563548327678,
    "Km_Hydro_CO2": 66.17237295403866,
    "Km_Hydro_H2": 429.2567837545751,
    "Km_Fe3_Fe3": 681.4485884431095,
    "Km_Fe3_Acetate": 428.44153920137603,
    "Km_Ferm": 313.54026105437896,
    "Inhibition_Ferm": 1.7234294332604703,
    "Fe3": 237.55574255574132,
    "M_Ac": 0.00954047785720985,
    "CUE_Ferm": 0.5334426188955884,
    "CUE_Fe3": 0.46061684316680385,
    "CUE_Ac": 0.3158635260341036,
    "CUE_Homo": 0.7265984827904043,
    "CUE_Hydro": 0.19187410695085727
}