{
    "Sensenmann": 8.33e-05,
    "Acetate": 1,
    "temperature": 4.0,
    "C": 4993.266666666666,
    "DOC": 99.86533333333333,
    "pH": 4.78,
    "weight": 7.26,
    "water": 12.0,
    "H2O": 666101.2207415039,
    "M_Fe3": 0.06129607762105214,
    "M_Ferm": 0.06689459254566779,
    "M_Hydro": 0.009767689743905274,
    "M_Homo": 0.1375443775940158,
    "Vmax_help_Ferm": 0.8534756543590173,
    "Vmax_Ferm": 2.920227509205323,
    "Vmax_Fe3": 1.1723211275214938,
    "Vmax_Homo": 0.1553263745304171,
    "Vmax_Hydro": 0.2294884898154611,
    "Vmax_Ac": 0.6408340264479191,
    "Kmb_help_Ferm": 1108.3750878568299,
    "Km_help_Ferm": 1614.417719214772,
    "Km_Ac_Acetate": 130.56749113736794,
    "Km_Homo_CO2": 284.998334620682,
    "Km_Homo_H2": 770.8049024221289,
    "Km_Hydro_CO2": 646.0870534894468,
    "Km_Hydro_H2": 518.2494518100013,
    "Km_Fe3_Fe3": 773.2493751459647,
    "Km_Fe3_Acetate": 845.1080434168682,
    "Km_Ferm": 605.9064245133538,
    "Inhibition_Ferm": 10.028804280902666,
    "Fe3": 101.15827751942652,
    "M_Ac": 0.017412311349496144,
    "CUE_Ferm": 0.020461223093146907,
    "CUE_Fe3": 0.7023982924327479,
    "CUE_Ac": 0.46139711044472764,
    "CUE_Homo": 0.12834443965887932,
    "CUE_Hydro": 0.4450294137584931
}