{
    "Sensenmann": 8.33e-05,
    "Acetate": 1,
    "temperature": 4.0,
    "C": 2740.517777777778,
    "DOC": 54.81035555555556,
    "pH": 7.17,
    "weight": 13.81,
    "water": 6.2,
    "H2O": 344152.29738311033,
    "M_Fe3": 0.2975939992603685,
    "M_Ferm": 0.31963193744695767,
    "M_Hydro": 0.4581929290937186,
    "M_Homo": 0.275002133256061,
    "Vmax_help_Ferm": 0.34721996407673,
    "Vmax_Ferm": 0.4989913231335,
    "Vmax_Fe3": 2.4323772698719965,
    "Vmax_Homo": 0.6294733093354381,
    "Vmax_Hydro": 0.6047701041299516,
    "Vmax_Ac": 0.5595343707349869,
    "Kmb_help_Ferm": 86.20369117827542,
    "Km_help_Ferm": 5884.6855289250725,
    "Km_Ac_Acetate": 217.32045194390108,
    "Km_Homo_CO2": 282.3817558474909,
    "Km_Homo_H2": 730.9772979965227,
    "Km_Hydro_CO2": 708.420446874745,
    "Km_Hydro_H2": 123.3223520367571,
    "Km_Fe3_Fe3": 789.5191914233984,
    "Km_Fe3_Acetate": 215.49207641936837,
    "Km_Ferm": 90.70221608098943,
    "Inhibition_Ferm": 18.79551738130945,
    "Fe3": 58.39431821741757,
    "M_Ac": 0.017414761083475828,
    "CUE_Ferm": 0.04970595300442715,
    "CUE_Fe3": 0.3179225751999438,
    "CUE_Ac": 0.6344821629892393,
    "CUE_Homo": 0.36207128487430496,
    "CUE_Hydro": 0.3394575017202054
}