{
    "Sensenmann": 8.33e-05,
    "Acetate": 1,
    "temperature": 4.0,
    "C": 2414.1933333333336,
    "DOC": 48.283866666666675,
    "pH": 5.77,
    "weight": 9.96,
    "water": 11.5,
    "H2O": 638347.0032106079,
    "M_Fe3": 0.2360203564998949,
    "M_Ferm": 0.09250751767438725,
    "M_Hydro": 0.42497601839384885,
    "M_Homo": 0.16817027180063493,
    "Vmax_help_Ferm": 0.5550797236732714,
    "Vmax_Ferm": 4.537223216783311,
    "Vmax_Fe3": 2.700754978586902,
    "Vmax_Homo": 0.5468115304029117,
    "Vmax_Hydro": 0.5575412290046705,
    "Vmax_Ac": 0.5671753044565518,
    "Kmb_help_Ferm": 1983.80747903069,
    "Km_help_Ferm": 2657.8832901109013,
    "Km_Ac_Acetate": 382.2223646252915,
    "Km_Homo_CO2": 490.5795133389009,
    "Km_Homo_H2": 918.3252617163874,
    "Km_Hydro_CO2": 237.2081553739976,
    "Km_Hydro_H2": 127.37505124393957,
    "Km_Fe3_Fe3": 432.7045855412464,
    "Km_Fe3_Acetate": 365.6123137879975,
    "Km_Ferm": 580.0405022463864,
    "Inhibition_Ferm": 15.612436250237636,
    "Fe3": 288.80244547855307,
    "M_Ac": 0.013745083876967625,
    "CUE_Ferm": 0.03977867329690021,
    "CUE_Fe3": 0.2965658374501742,
    "CUE_Ac": 0.13632445494914225,
    "CUE_Homo": 0.26467313475992693,
    "CUE_Hydro": 0.6727308751317819
}