{
    "Sensenmann": 8.33e-05,
    "Acetate": 1,
    "temperature": 4.0,
    "C": 1575.75,
    "DOC": 31.515,
    "pH": 7.28,
    "weight": 13.5,
    "water": 6.0,
    "H2O": 333050.61037075194,
    "M_Fe3": 0.476074256468501,
    "M_Ferm": 0.30502987777021445,
    "M_Hydro": 0.058947948825094056,
    "M_Homo": 0.3678104797450627,
    "Vmax_help_Ferm": 0.4184916824448872,
    "Vmax_Ferm": 1.848126915249265,
    "Vmax_Fe3": 2.9396464885347613,
    "Vmax_Homo": 0.11950539791902648,
    "Vmax_Hydro": 0.16025173076272592,
    "Vmax_Ac": 0.7322981724221702,
    "Kmb_help_Ferm": 1316.9606994906328,
    "Km_help_Ferm": 3689.9777412327635,
    "Km_Ac_Acetate": 689.0589727570068,
    "Km_Homo_CO2": 408.9122973690483,
    "Km_Homo_H2": 533.7925254457818,
    "Km_Hydro_CO2": 473.71481484939716,
    "Km_Hydro_H2": 574.968204920101,
    "Km_Fe3_Fe3": 533.4953532945225,
    "Km_Fe3_Acetate": 787.748463595993,
    "Km_Ferm": 661.1102661359696,
    "Inhibition_Ferm": 13.301056255540152,
    "Fe3": 174.1480774577118,
    "M_Ac": 0.002405965729984562,
    "CUE_Ferm": 0.2627443620343627,
    "CUE_Fe3": 0.026205394166822327,
    "CUE_Ac": 0.16932999448575406,
    "CUE_Homo": 0.9980565778787056,
    "CUE_Hydro": 0.7610566835731807
}