{
    "Sensenmann": 8.33e-05,
    "Acetate": 1,
    "temperature": 4.0,
    "C": 3306.188888888889,
    "DOC": 66.12377777777778,
    "pH": 7.15,
    "weight": 12.22,
    "water": 7.3,
    "H2O": 405211.57595108147,
    "M_Fe3": 0.08703199409894755,
    "M_Ferm": 0.13680288732420307,
    "M_Hydro": 0.2616590165382011,
    "M_Homo": 0.3521315014783073,
    "Vmax_help_Ferm": 0.6188844387832246,
    "Vmax_Ferm": 1.984831561161526,
    "Vmax_Fe3": 0.6883275246921545,
    "Vmax_Homo": 0.7212989427734566,
    "Vmax_Hydro": 0.7495063246592806,
    "Vmax_Ac": 0.9075977814433928,
    "Kmb_help_Ferm": 1424.1675633882182,
    "Km_Ac_Acetate": 0.8192414940336761,
    "Km_Homo_CO2": 285.7661915229575,
    "Km_Homo_H2": 702.903249372992,
    "Km_Hydro_CO2": 94.63022359529901,
    "Km_Hydro_H2": 318.04136662525633,
    "Km_Fe3_Fe3": 463.20639875684964,
    "Km_Fe3_Acetate": 686.5538805394433,
    "Km_Ferm": 409.37628875778177,
    "Inhibition_Ferm": 0.3432471621011867,
    "Fe3": 123.27176103894459,
    "M_Ac": 0.011312362912381066,
    "CUE_Ferm": 0.3933285193431175,
    "CUE_Fe3": 0.29838421921311525,
    "CUE_Ac": 0.007294007067344139,
    "CUE_Homo": 0.5253195135608922,
    "CUE_Hydro": 0.3408234468446792
}