{
    "Sensenmann": 8.33e-05,
    "Acetate": 1,
    "temperature": 4.0,
    "C": 1093.821333333333,
    "DOC": 21.876426666666664,
    "pH": 6.08,
    "weight": 14.226,
    "water": 6.6,
    "H2O": 366355.6714078271,
    "M_Fe3": 0.19323473103827823,
    "M_Ferm": 0.4075553052753655,
    "M_Hydro": 0.3635970426735865,
    "M_Homo": 0.2490004592096934,
    "Vmax_help_Ferm": 0.9364947516681986,
    "Vmax_Ferm": 1.2042624201370067,
    "Vmax_Fe3": 2.777713394262001,
    "Vmax_Homo": 0.9866228049279253,
    "Vmax_Hydro": 0.13967996717395612,
    "Vmax_Ac": 0.8616474621445982,
    "Kmb_help_Ferm": 946.6240381957944,
    "Km_help_Ferm": 8766.155560391688,
    "Km_Ac_Acetate": 24.663609378144116,
    "Km_Homo_CO2": 989.7428675078181,
    "Km_Homo_H2": 217.8358324590488,
    "Km_Hydro_CO2": 429.6463665532016,
    "Km_Hydro_H2": 927.89850988965,
    "Km_Fe3_Fe3": 556.9722556584878,
    "Km_Fe3_Acetate": 712.529756019862,
    "Km_Ferm": 172.5795006510294,
    "Inhibition_Ferm": 13.342938430773764,
    "Fe3": 188.54520675396813,
    "M_Ac": 0.007597195922264301,
    "CUE_Ferm": 0.2691609457760157,
    "CUE_Fe3": 0.19772641827838244,
    "CUE_Ac": 0.16976030302688316,
    "CUE_Homo": 0.4155762354840531,
    "CUE_Hydro": 0.39890030239713825
}