{
    "Sensenmann": 8.33e-05,
    "Acetate": 1,
    "temperature": 4.0,
    "C": 1753.4722222222222,
    "DOC": 35.06944444444444,
    "pH": 7.9,
    "weight": 12.5,
    "water": 7.5,
    "H2O": 416313.2629634399,
    "M_Fe3": 0.47396165288408626,
    "M_Ferm": 0.45128121122188203,
    "M_Hydro": 0.46311620445341256,
    "M_Homo": 0.3954675632784843,
    "Vmax_help_Ferm": 0.3934477413176339,
    "Vmax_Ferm": 1.9912996763506743,
    "Vmax_Fe3": 1.461665108247046,
    "Vmax_Homo": 0.5809453889750381,
    "Vmax_Hydro": 0.3882781407404371,
    "Vmax_Ac": 0.5855334108954725,
    "Kmb_help_Ferm": 822.3820612483814,
    "Km_help_Ferm": 5715.982438115676,
    "Km_Ac_Acetate": 682.9735018309232,
    "Km_Homo_CO2": 705.1190899870946,
    "Km_Homo_H2": 317.9736381157222,
    "Km_Hydro_CO2": 403.1166239988415,
    "Km_Hydro_H2": 617.7096222814196,
    "Km_Fe3_Fe3": 369.8807834339966,
    "Km_Fe3_Acetate": 15.57098498851505,
    "Km_Ferm": 486.6788184548042,
    "Inhibition_Ferm": 7.981367892639989,
    "Fe3": 197.676708766394,
    "M_Ac": 6.954261745694888e-05,
    "CUE_Ferm": 0.06652655619578983,
    "CUE_Fe3": 0.5183302001525859,
    "CUE_Ac": 0.06986179842797835,
    "CUE_Homo": 0.1780539789088158,
    "CUE_Hydro": 0.4778266963831681
}