{
    "Sensenmann": 8.33e-05,
    "Acetate": 1,
    "temperature": 4.0,
    "C": 1898.44,
    "DOC": 37.9688,
    "pH": 5.98,
    "weight": 7.44,
    "water": 13.0,
    "H2O": 721609.6558032958,
    "M_Fe3": 0.38565242989150694,
    "M_Ferm": 0.3795661360009544,
    "M_Hydro": 0.47541728914521597,
    "M_Homo": 0.319004374036428,
    "Vmax_help_Ferm": 0.839441770398281,
    "Vmax_Ferm": 1.8120243216893908,
    "Vmax_Fe3": 2.378248994985416,
    "Vmax_Homo": 0.34913212836401697,
    "Vmax_Hydro": 0.014808525306643335,
    "Vmax_Ac": 0.09251810509561265,
    "Kmb_help_Ferm": 82.47663538298742,
    "Km_help_Ferm": 2137.572818812169,
    "Km_Ac_Acetate": 261.4587698634474,
    "Km_Homo_CO2": 447.8078215940774,
    "Km_Homo_H2": 360.1280729083421,
    "Km_Hydro_CO2": 890.6705079993887,
    "Km_Hydro_H2": 983.0406677983467,
    "Km_Fe3_Fe3": 907.1384280346005,
    "Km_Fe3_Acetate": 318.7881516604715,
    "Km_Ferm": 359.20519611840416,
    "Inhibition_Ferm": 6.652896728943381,
    "Fe3": 26.512865070029886,
    "M_Ac": 0.015427481439710723,
    "CUE_Ferm": 0.8494120239966955,
    "CUE_Fe3": 0.888302170458966,
    "CUE_Ac": 0.5078926712321383,
    "CUE_Homo": 0.33142387221095215,
    "CUE_Hydro": 0.6745118069661771
}