{
    "Sensenmann": 8.33e-05,
    "Acetate": 1,
    "temperature": 4.0,
    "C": 4037.866666666667,
    "DOC": 80.75733333333334,
    "pH": 5.99,
    "weight": 10.72,
    "water": 12.5,
    "H2O": 693855.4382723998,
    "M_Fe3": 0.2503922957862372,
    "M_Ferm": 0.14877839245513655,
    "M_Hydro": 0.4241402290655782,
    "M_Homo": 0.4032606222087765,
    "Vmax_help_Ferm": 0.6683835430609957,
    "Vmax_Ferm": 3.0076563462609602,
    "Vmax_Fe3": 1.73179109448601,
    "Vmax_Homo": 0.6346794037317831,
    "Vmax_Hydro": 0.5988669213436106,
    "Vmax_Ac": 0.9351975215266537,
    "Kmb_help_Ferm": 976.9372184257224,
    "Km_help_Ferm": 6030.236251876411,
    "Km_Ac_Acetate": 493.37216399346266,
    "Km_Homo_CO2": 294.7287262651146,
    "Km_Homo_H2": 688.6199671642744,
    "Km_Hydro_CO2": 167.52022582153896,
    "Km_Hydro_H2": 449.6952942319879,
    "Km_Fe3_Fe3": 666.9871925594945,
    "Km_Fe3_Acetate": 726.720392107065,
    "Km_Ferm": 260.26080571654825,
    "Inhibition_Ferm": 11.996259903042102,
    "Fe3": 94.79927950767203,
    "M_Ac": 0.01975997177479996,
    "CUE_Ferm": 0.05900826817957494,
    "CUE_Fe3": 0.013664996311421929,
    "CUE_Ac": 0.8848253640223794,
    "CUE_Homo": 0.8800697753588109,
    "CUE_Hydro": 0.5068676694451424
}