{
    "Sensenmann": 8.33e-05,
    "Acetate": 1,
    "temperature": 4.0,
    "C": 2546.5533333333337,
    "DOC": 50.93106666666667,
    "pH": 3.95,
    "weight": 11.82,
    "water": 4.0,
    "H2O": 222033.74024716797,
    "M_Fe3": 0.1825529661190625,
    "M_Ferm": 0.17000738812538416,
    "M_Hydro": 0.10791052053813946,
    "M_Homo": 0.42927310887053494,
    "Vmax_help_Ferm": 0.07438101652593739,
    "Vmax_Ferm": 3.5454762226203975,
    "Vmax_Fe3": 2.0609401294241434,
    "Vmax_Homo": 0.13006011308431187,
    "Vmax_Hydro": 0.8013770309206367,
    "Vmax_Ac": 0.4828429196023655,
    "Kmb_help_Ferm": 588.2260618747323,
    "Km_help_Ferm": 5401.615906880357,
    "Km_Ac_Acetate": 132.22528878890554,
    "Km_Homo_CO2": 464.13474182421845,
    "Km_Homo_H2": 841.7816037462154,
    "Km_Hydro_CO2": 69.5640111960994,
    "Km_Hydro_H2": 194.48086926015162,
    "Km_Fe3_Fe3": 875.414748038056,
    "Km_Fe3_Acetate": 911.3004737400047,
    "Km_Ferm": 154.8335905438026,
    "Inhibition_Ferm": 4.790281389872171,
    "Fe3": 33.108054366055796,
    "M_Ac": 0.0040196027277068815,
    "CUE_Ferm": 0.22960642528117248,
    "CUE_Fe3": 0.680921317963872,
    "CUE_Ac": 0.5024695863448553,
    "CUE_Homo": 0.2964079552039016,
    "CUE_Hydro": 0.8065509461136142
}