{
    "Sensenmann": 8.33e-05,
    "Acetate": 1,
    "temperature": 4.0,
    "C": 2734.618888888889,
    "DOC": 54.692377777777786,
    "pH": 6.94,
    "weight": 13.06,
    "water": 6.5,
    "H2O": 360804.8279016479,
    "M_Fe3": 0.32255761140008016,
    "M_Ferm": 0.3355699734034619,
    "M_Hydro": 0.07621433940612463,
    "M_Homo": 0.30284612393998694,
    "Vmax_help_Ferm": 0.5393193212067474,
    "Vmax_Ferm": 2.0618384023087355,
    "Vmax_Fe3": 0.2868912771804387,
    "Vmax_Homo": 0.4358650565419204,
    "Vmax_Hydro": 0.04377567619423839,
    "Vmax_Ac": 0.596426094886107,
    "Kmb_help_Ferm": 1724.4804573531462,
    "Km_help_Ferm": 7946.751805497583,
    "Km_Ac_Acetate": 275.36447867081625,
    "Km_Homo_CO2": 247.30888107500468,
    "Km_Homo_H2": 235.37801390038265,
    "Km_Hydro_CO2": 720.5599528802682,
    "Km_Hydro_H2": 509.2984183221079,
    "Km_Fe3_Fe3": 811.980274205757,
    "Km_Fe3_Acetate": 401.2645825075384,
    "Km_Ferm": 637.8199268706192,
    "Inhibition_Ferm": 6.314414878971783,
    "Fe3": 188.55652783194995,
    "M_Ac": 0.017138618914495963,
    "CUE_Ferm": 0.22330804520639935,
    "CUE_Fe3": 0.11927480145382696,
    "CUE_Ac": 0.2437001742874929,
    "CUE_Homo": 0.26863538039626167,
    "CUE_Hydro": 0.18440862946187705
}