{
    "Sensenmann": 8.33e-05,
    "Acetate": 1,
    "temperature": 4.0,
    "C": 2852.011111111111,
    "DOC": 57.04022222222222,
    "pH": 7.15,
    "weight": 14.15,
    "water": 5.85,
    "H2O": 324724.3451114831,
    "M_Fe3": 0.14645158745769885,
    "M_Ferm": 0.04704175406783221,
    "M_Hydro": 0.26754747716980315,
    "M_Homo": 0.4758340123770711,
    "Vmax_help_Ferm": 0.9623558375536672,
    "Vmax_Ferm": 4.299336952380772,
    "Vmax_Fe3": 0.33572066214090285,
    "Vmax_Homo": 0.9947379248919781,
    "Vmax_Hydro": 0.8742247020059342,
    "Vmax_Ac": 0.05371598689599188,
    "Kmb_help_Ferm": 1617.9426884012253,
    "Km_help_Ferm": 4066.739905164005,
    "Km_Ac_Acetate": 544.1155969611684,
    "Km_Homo_CO2": 621.6224624668456,
    "Km_Homo_H2": 801.7286444725182,
    "Km_Hydro_CO2": 273.56460742293496,
    "Km_Hydro_H2": 515.631177900297,
    "Km_Fe3_Fe3": 268.9748523077318,
    "Km_Fe3_Acetate": 213.08549032446527,
    "Km_Ferm": 356.775385253083,
    "Inhibition_Ferm": 17.27490734030688,
    "Fe3": 212.96423951580232,
    "M_Ac": 0.010995324261291874,
    "CUE_Ferm": 0.48168143826817134,
    "CUE_Fe3": 0.9121464752329269,
    "CUE_Ac": 0.2789122387609151,
    "CUE_Homo": 0.1370037395650766,
    "CUE_Hydro": 0.7535548167338177
}