{
    "Sensenmann": 8.33e-05,
    "Acetate": 1,
    "temperature": 4.0,
    "C": 1093.821333333333,
    "DOC": 21.876426666666664,
    "pH": 6.08,
    "weight": 14.226,
    "water": 6.6,
    "H2O": 366355.6714078271,
    "M_Fe3": 0.40438900220246543,
    "M_Ferm": 0.26440246506306936,
    "M_Hydro": 0.3791445039618118,
    "M_Homo": 0.003930212315836769,
    "Vmax_help_Ferm": 0.8097179097566134,
    "Vmax_Ferm": 2.406673060729946,
    "Vmax_Fe3": 2.6437589387093015,
    "Vmax_Homo": 0.4478137635924858,
    "Vmax_Hydro": 0.4306888225017099,
    "Vmax_Ac": 0.28045365708117564,
    "Kmb_help_Ferm": 1530.4092881164115,
    "Km_help_Ferm": 8956.37609731069,
    "Km_Ac_Acetate": 566.0720622061684,
    "Km_Homo_CO2": 200.3832728070679,
    "Km_Homo_H2": 369.86272504174065,
    "Km_Hydro_CO2": 749.4669434135518,
    "Km_Hydro_H2": 669.0256109151825,
    "Km_Fe3_Fe3": 776.702971095084,
    "Km_Fe3_Acetate": 180.69643854667257,
    "Km_Ferm": 399.49432640376676,
    "Inhibition_Ferm": 4.6371294916565,
    "Fe3": 84.57203533106082,
    "M_Ac": 0.008903157858162956,
    "CUE_Ferm": 0.18326207223646995,
    "CUE_Fe3": 0.3928741067965751,
    "CUE_Ac": 0.6073809059331232,
    "CUE_Homo": 0.6692435595489877,
    "CUE_Hydro": 0.9744233008412069
}