{
    "Sensenmann": 8.33e-05,
    "Acetate": 1,
    "temperature": 4.0,
    "C": 3674.475555555556,
    "DOC": 73.48951111111113,
    "pH": 6.48,
    "weight": 11.38,
    "water": 8.67,
    "H2O": 481258.13198573655,
    "M_Fe3": 0.33276466386661846,
    "M_Ferm": 0.06799205649362258,
    "M_Hydro": 0.4843789633384537,
    "M_Homo": 0.34581751461951704,
    "Vmax_help_Ferm": 0.9125036026511455,
    "Vmax_Ferm": 2.067754856958598,
    "Vmax_Fe3": 2.5782394452308384,
    "Vmax_Homo": 0.6744958118085272,
    "Vmax_Hydro": 0.9034809255740129,
    "Vmax_Ac": 0.5208125596894426,
    "Kmb_help_Ferm": 1325.134641714699,
    "Km_help_Ferm": 577.122645467608,
    "Km_Ac_Acetate": 619.7494692841403,
    "Km_Homo_CO2": 853.3345588535434,
    "Km_Homo_H2": 306.4862562659875,
    "Km_Hydro_CO2": 540.2584353231459,
    "Km_Hydro_H2": 640.9622366901143,
    "Km_Fe3_Fe3": 697.5229005282645,
    "Km_Fe3_Acetate": 167.84144725375162,
    "Km_Ferm": 980.3902725999149,
    "Inhibition_Ferm": 7.050598935089122,
    "Fe3": 256.73304667181424,
    "M_Ac": 0.00808275871500663,
    "CUE_Ferm": 0.07260428792765472,
    "CUE_Fe3": 0.13363531521712568,
    "CUE_Ac": 0.024217215396686198,
    "CUE_Homo": 0.37293109169602234,
    "CUE_Hydro": 0.0935722765036151
}