{
    "Sensenmann": 8.33e-05,
    "Acetate": 1,
    "temperature": 4.0,
    "C": 1551.911111111111,
    "DOC": 31.03822222222222,
    "pH": 6.57,
    "weight": 8.84,
    "water": 8.2,
    "H2O": 455169.16750669427,
    "M_Fe3": 0.4934671746114995,
    "M_Ferm": 0.3218921325630198,
    "M_Hydro": 0.030763680646852788,
    "M_Homo": 0.10621569249432364,
    "Vmax_help_Ferm": 0.2643862971477391,
    "Vmax_Ferm": 3.6332210259358253,
    "Vmax_Fe3": 1.743176985903218,
    "Vmax_Homo": 0.14706656389638073,
    "Vmax_Hydro": 0.7565085759315829,
    "Vmax_Ac": 0.8828432101055025,
    "Kmb_help_Ferm": 1763.429758733326,
    "Km_help_Ferm": 456.95758780364247,
    "Km_Ac_Acetate": 828.7001746412199,
    "Km_Homo_CO2": 830.4231980914815,
    "Km_Homo_H2": 648.9255063946658,
    "Km_Hydro_CO2": 887.5465032390549,
    "Km_Hydro_H2": 924.4598727319822,
    "Km_Fe3_Fe3": 390.8456907458322,
    "Km_Fe3_Acetate": 404.62489450777304,
    "Km_Ferm": 196.25650767129142,
    "Inhibition_Ferm": 2.643914719173712,
    "Fe3": 156.19302693025602,
    "M_Ac": 0.01718699731673542,
    "CUE_Ferm": 0.18218586914734036,
    "CUE_Fe3": 0.18789676349755302,
    "CUE_Ac": 0.04269310729043552,
    "CUE_Homo": 0.2689510416542873,
    "CUE_Hydro": 0.7536764771550151
}