{
    "Sensenmann": 8.33e-05,
    "Acetate": 1,
    "temperature": 4.0,
    "C": 706.9666666666667,
    "DOC": 14.139333333333335,
    "pH": 7.43,
    "weight": 8.35,
    "water": 2.8,
    "H2O": 155423.61817301754,
    "M_Fe3": 0.31646780383268686,
    "M_Ferm": 0.46034663027476086,
    "M_Hydro": 0.20287995550520901,
    "M_Homo": 0.26793701345327836,
    "Vmax_help_Ferm": 0.6202854353450666,
    "Vmax_Ferm": 4.038378812603872,
    "Vmax_Fe3": 2.469073804514548,
    "Vmax_Homo": 0.612087155798273,
    "Vmax_Hydro": 0.9048635162768505,
    "Vmax_Ac": 0.8428377714607098,
    "Kmb_help_Ferm": 1265.8439432854054,
    "Km_help_Ferm": 8664.162890114902,
    "Km_Ac_Acetate": 626.1097474773386,
    "Km_Homo_CO2": 757.0379331915492,
    "Km_Homo_H2": 210.3249510353806,
    "Km_Hydro_CO2": 416.14206747859174,
    "Km_Hydro_H2": 923.389359093719,
    "Km_Fe3_Fe3": 469.1859671140048,
    "Km_Fe3_Acetate": 215.28776309214277,
    "Km_Ferm": 803.0813433114408,
    "Inhibition_Ferm": 9.648938721337704,
    "Fe3": 56.69378098650428,
    "M_Ac": 0.004304925365556725,
    "CUE_Ferm": 0.08343856088839408,
    "CUE_Fe3": 0.33999125996318713,
    "CUE_Ac": 0.40592477502825436,
    "CUE_Homo": 0.841853700394877,
    "CUE_Hydro": 0.9066236902722149
}