{
    "Sensenmann": 8.33e-05,
    "Acetate": 1,
    "temperature": 4.0,
    "C": 724.3888888888889,
    "DOC": 14.48777777777778,
    "pH": 5.95,
    "weight": 17.0,
    "water": 4.0,
    "H2O": 222033.74024716797,
    "M_Fe3": 0.40606994337185454,
    "M_Ferm": 0.3175259459421778,
    "M_Hydro": 0.1174559326984129,
    "M_Homo": 0.19452686214392048,
    "Vmax_help_Ferm": 0.45665666016775536,
    "Vmax_Ferm": 0.7922555853692622,
    "Vmax_Fe3": 2.461920534214627,
    "Vmax_Homo": 0.7627951881363328,
    "Vmax_Hydro": 0.20412671785184944,
    "Vmax_Ac": 0.9463872181702189,
    "Kmb_help_Ferm": 754.4692207336316,
    "Km_help_Ferm": 3813.6632011717425,
    "Km_Ac_Acetate": 541.6730272240702,
    "Km_Homo_CO2": 677.3073760382387,
    "Km_Homo_H2": 290.02584339174877,
    "Km_Hydro_CO2": 581.8999466185178,
    "Km_Hydro_H2": 378.59424304146506,
    "Km_Fe3_Fe3": 253.07806582741387,
    "Km_Fe3_Acetate": 424.7003091940723,
    "Km_Ferm": 423.66114919049653,
    "Inhibition_Ferm": 5.8088172281095005,
    "Fe3": 151.27113453576078,
    "M_Ac": 0.01830705625206592,
    "CUE_Ferm": 0.10325786827716,
    "CUE_Fe3": 0.5472619865554346,
    "CUE_Ac": 0.09936198089171366,
    "CUE_Homo": 0.9035566988930115,
    "CUE_Hydro": 0.13652729727857849
}