{
    "Sensenmann": 8.33e-05,
    "Acetate": 1,
    "temperature": 4.0,
    "C": 2594.246111111111,
    "DOC": 51.88492222222222,
    "pH": 6.42,
    "weight": 9.67,
    "water": 10.5,
    "H2O": 582838.5681488159,
    "M_Fe3": 0.08708255013049979,
    "M_Ferm": 0.3984557045996005,
    "M_Hydro": 0.03809424939240639,
    "M_Homo": 0.0626827990037159,
    "Vmax_help_Ferm": 0.5138616284103524,
    "Vmax_Ferm": 3.5117543795897306,
    "Vmax_Fe3": 2.378779443304141,
    "Vmax_Homo": 0.742066954792438,
    "Vmax_Hydro": 0.657628926424858,
    "Vmax_Ac": 0.9366516811191629,
    "Kmb_help_Ferm": 1399.392767774124,
    "Km_help_Ferm": 1073.3291271824526,
    "Km_Ac_Acetate": 750.3175530619542,
    "Km_Homo_CO2": 609.3815550530974,
    "Km_Homo_H2": 197.895853313454,
    "Km_Hydro_CO2": 620.516359101308,
    "Km_Hydro_H2": 134.72935277418495,
    "Km_Fe3_Fe3": 540.3386856990095,
    "Km_Fe3_Acetate": 838.7601830104808,
    "Km_Ferm": 282.5938476599145,
    "Inhibition_Ferm": 5.954918726293723,
    "Fe3": 279.0824036092146,
    "M_Ac": 0.011960437286446444,
    "CUE_Ferm": 0.1040844567023331,
    "CUE_Fe3": 0.42625375231786844,
    "CUE_Ac": 0.5491973255866847,
    "CUE_Homo": 0.5675115615450832,
    "CUE_Hydro": 0.015899779510893497
}