{
    "Sensenmann": 8.33e-05,
    "Acetate": 1,
    "temperature": 4.0,
    "C": 3306.188888888889,
    "DOC": 66.12377777777778,
    "pH": 7.15,
    "weight": 12.22,
    "water": 7.3,
    "H2O": 405211.57595108147,
    "M_Fe3": 0.11510400348207209,
    "M_Ferm": 0.27587629813376935,
    "M_Hydro": 0.46479213712241585,
    "M_Homo": 0.24165646059980006,
    "Vmax_help_Ferm": 0.4623029638794938,
    "Vmax_Ferm": 3.2134027400558693,
    "Vmax_Fe3": 1.9665548065904621,
    "Vmax_Homo": 0.09802376646961275,
    "Vmax_Hydro": 0.4535903988632593,
    "Vmax_Ac": 0.42299515614463334,
    "Kmb_help_Ferm": 251.97685173743514,
    "Km_help_Ferm": 3095.640936206183,
    "Km_Ac_Acetate": 84.30459034627728,
    "Km_Homo_CO2": 687.0541491096064,
    "Km_Homo_H2": 820.7555553335574,
    "Km_Hydro_CO2": 371.07643962286005,
    "Km_Hydro_H2": 80.77467728415613,
    "Km_Fe3_Fe3": 352.06561253540275,
    "Km_Fe3_Acetate": 483.8760007453149,
    "Km_Ferm": 450.1086110994006,
    "Inhibition_Ferm": 7.343173581242849,
    "Fe3": 121.88229621771477,
    "M_Ac": 0.011216122245742297,
    "CUE_Ferm": 0.545946561611319,
    "CUE_Fe3": 0.3076905254847757,
    "CUE_Ac": 0.8167310239861568,
    "CUE_Homo": 0.45774015770082466,
    "CUE_Hydro": 0.9716176179097936
}