{
    "Sensenmann": 8.33e-05,
    "Acetate": 1,
    "temperature": 4.0,
    "C": 2740.517777777778,
    "DOC": 54.81035555555556,
    "pH": 7.17,
    "weight": 13.81,
    "water": 6.2,
    "H2O": 344152.29738311033,
    "M_Fe3": 0.21953284307103785,
    "M_Ferm": 0.3398903898207811,
    "M_Hydro": 0.31008506091608873,
    "M_Homo": 0.24992091372805098,
    "Vmax_help_Ferm": 0.8058826204546616,
    "Vmax_Ferm": 2.3242089717913035,
    "Vmax_Fe3": 1.5643248382226624,
    "Vmax_Homo": 0.4439567890590917,
    "Vmax_Hydro": 0.4806664620097396,
    "Vmax_Ac": 0.6839587033352159,
    "Kmb_help_Ferm": 820.6818191566646,
    "Km_Ac_Acetate": 13.605087034216996,
    "Km_Homo_CO2": 767.5632032594679,
    "Km_Homo_H2": 544.1904781726087,
    "Km_Hydro_CO2": 555.1163997219188,
    "Km_Hydro_H2": 183.86873420135657,
    "Km_Fe3_Fe3": 326.6474891061708,
    "Km_Fe3_Acetate": 321.0140990946781,
    "Km_Ferm": 688.5081508843805,
    "Inhibition_Ferm": 10.448485798119004,
    "Fe3": 45.326678653695886,
    "M_Ac": 0.010955018459086106,
    "CUE_Ferm": 9.071196960253047e-07,
    "CUE_Fe3": 0.4874650643192439,
    "CUE_Ac": 0.07197515414889023,
    "CUE_Homo": 0.5951852558883682,
    "CUE_Hydro": 0.36662902075744513
}