{
    "M_Fe3": 0.2,
    "M_Ferm": 0.02,
    "M_Hydro": 0.0025,
    "M_Homo": 0.0001,
    "Sensenmann": 0,
    "C": 588.3844444444444,
    "DOC": 11.767688888888888,
    "pH": 6.15,
    "weight": 17.77,
    "water": 4.6,
    "Vmax_help_Ferm": 0.09952693143401353,
    "Vmax_Ferm": 0.3785705937925258,
    "Vmax_Fe3": 2.051052780147812,
    "Vmax_Homo": 0.43892847690272513,
    "Vmax_Hydro": 0.6837236261915883,
    "Vmax_Ac": 0.3288735761681488,
    "Kmb_help_Ferm": 0.02451338972381123,
    "Inhibition_Ferm": 10.577737748782663,
    "Fe3": 16.48841775934049,
    "M_Ac": 0.008001337547471812
}