{
    "M_Fe3": 0.2,
    "M_Ferm": 0.02,
    "M_Hydro": 0.0025,
    "M_Homo": 0.0001,
    "Sensenmann": 0,
    "C": 588.3844444444444,
    "DOC": 11.767688888888888,
    "pH": 6.15,
    "weight": 17.77,
    "water": 4.6,
    "Vmax_help_Ferm": 0.09991525691405578,
    "Vmax_Ferm": 0.3899097255616414,
    "Vmax_Fe3": 0.5945923922125587,
    "Vmax_Homo": 0.29955004085960607,
    "Vmax_Hydro": 0.5528927913377589,
    "Vmax_Ac": 0.10294040324626348,
    "Kmb_help_Ferm": 0.04610858699609095,
    "Inhibition_Ferm": 10.943284096518578,
    "Fe3": 10.44675101058781,
    "M_Ac": 0.0013077008963376519
}