{
    "M_Fe3": 0.2,
    "M_Ferm": 0.02,
    "M_Hydro": 0.0025,
    "M_Homo": 0.0001,
    "Sensenmann": 0,
    "C": 588.3844444444444,
    "DOC": 11.767688888888888,
    "pH": 6.15,
    "weight": 17.77,
    "water": 4.6,
    "Vmax_help_Ferm": 0.05466129568925345,
    "Vmax_Ferm": 0.43152054477757174,
    "Vmax_Fe3": 0.8263160742325819,
    "Vmax_Homo": 0.32691605229398374,
    "Vmax_Hydro": 0.5170808786530003,
    "Vmax_Ac": 0.11277117593558668,
    "Kmb_help_Ferm": 0.5219541891784036,
    "Inhibition_Ferm": 17.540726159680148,
    "Fe3": 10.927033802346989,
    "M_Ac": 0.005144464538482371
}