{"M_Fe3": 0.2, "M_Ferm": 0.02, "M_Hydro": 0.0025, "M_Homo": 0.0001, "Sensenmann": 0, "C": 588.3844444444444, "DOC": 11.767688888888888, "pH": 6.15, "weight": 17.77, "water": 4.6, "Vmax_help_Ferm": 0.02681616097855432, "Vmax_Ferm": 0.13053256696218, "Vmax_Fe3": 2.4767388009130937, "Vmax_Homo": 0.1023217982643438, "Vmax_Hydro": 0.38968780728282365, "Vmax_Ac": 0.2945491257131454, "Kmb_help_Ferm": 12.444380187364215, "Inhibition_Ferm": 16.45124628629097, "Fe3": 27.67425332758153, "M_Ac": 0.018890545986181846}