{
    "M_Fe3": 0.2,
    "M_Ferm": 0.02,
    "M_Hydro": 0.0025,
    "M_Homo": 0.0001,
    "Sensenmann": 0,
    "C": 588.3844444444444,
    "DOC": 11.767688888888888,
    "pH": 6.15,
    "weight": 17.77,
    "water": 4.6,
    "Vmax_help_Ferm": 0.0990126234409835,
    "Vmax_Ferm": 0.2594493431341419,
    "Vmax_Fe3": 2.806795995127743,
    "Vmax_Homo": 0.2066087994161241,
    "Vmax_Hydro": 0.8175176672911322,
    "Vmax_Ac": 0.5858151006720074,
    "Kmb_help_Ferm": 0.020452904192936217,
    "Inhibition_Ferm": 7.505417858706082,
    "Fe3": 14.782518879826494,
    "M_Ac": 0.0011096938233357348
}