{
    "Sensenmann": 8.33e-05,
    "Acetate": 1,
    "temperature": 4.0,
    "C": 1515.6888888888889,
    "DOC": 30.313777777777776,
    "pH": 8.08,
    "weight": 13.4,
    "water": 5.9,
    "H2O": 327499.76686457277,
    "M_Fe3": 0.16560636131762982,
    "M_Ferm": 0.32385863880697235,
    "M_Hydro": 0.23829971189063945,
    "M_Homo": 0.361123893116513,
    "Vmax_help_Ferm": 0.8879963197778101,
    "Vmax_Ferm": 2.9760087995967432,
    "Vmax_Fe3": 0.3106037924157528,
    "Vmax_Homo": 0.5081929592971244,
    "Vmax_Hydro": 0.7055305461393944,
    "Vmax_Ac": 0.3789685732940244,
    "Kmb_help_Ferm": 1991.8206211519328,
    "Km_Ac_Acetate": 528.2215188250453,
    "Km_Homo_CO2": 335.2233026732259,
    "Km_Homo_H2": 680.5739543572125,
    "Km_Hydro_CO2": 423.3911264198554,
    "Km_Hydro_H2": 396.1702484563635,
    "Km_Fe3_Fe3": 423.7862584483457,
    "Km_Fe3_Acetate": 7.061908841675577,
    "Km_Ferm": 377.0004530608039,
    "Inhibition_Ferm": 13.698976588423484,
    "Fe3": 201.83971269156754,
    "M_Ac": 0.018019838897964133,
    "CUE_Ferm": 0.062129499999569016,
    "CUE_Fe3": 0.2844898672858209,
    "CUE_Ac": 0.42217702484638364,
    "CUE_Homo": 0.38160510502202305,
    "CUE_Hydro": 0.7147644462932574
}