{
    "Sensenmann": 8.33e-05,
    "Acetate": 1,
    "temperature": 4.0,
    "C": 1876.5166666666667,
    "DOC": 37.53033333333333,
    "pH": 6.74,
    "weight": 17.9,
    "water": 2.5,
    "H2O": 138771.08765447995,
    "M_Fe3": 1.3526394128493546e-05,
    "M_Ferm": 0.24301891949108215,
    "M_Hydro": 0.16425317105422418,
    "M_Homo": 0.265982322970482,
    "Vmax_help_Ferm": 0.3456111401257585,
    "Vmax_Ferm": 3.6332529543617964,
    "Vmax_Fe3": 0.062096829024375744,
    "Vmax_Homo": 0.3007674974872937,
    "Vmax_Hydro": 0.603160808406681,
    "Vmax_Ac": 0.5648276317837075,
    "Kmb_help_Ferm": 844.193004317594,
    "Km_Ac_Acetate": 5.571811889548406,
    "Km_Homo_CO2": 699.9949705080111,
    "Km_Homo_H2": 555.2895310487711,
    "Km_Hydro_CO2": 681.786304715409,
    "Km_Hydro_H2": 388.0100931870946,
    "Km_Fe3_Fe3": 692.7519920390699,
    "Km_Fe3_Acetate": 562.3346948247365,
    "Km_Ferm": 488.28118086525876,
    "Inhibition_Ferm": 12.40809959888742,
    "Fe3": 93.97299801611858,
    "M_Ac": 0.011072755578973123,
    "CUE_Ferm": 0.7444136723925475,
    "CUE_Fe3": 0.33664020366392805,
    "CUE_Ac": 0.0639576307350681,
    "CUE_Homo": 0.45147791596334746,
    "CUE_Hydro": 0.6829550505480257
}