{
    "Sensenmann": 8.33e-05,
    "Acetate": 1,
    "temperature": 4.0,
    "C": 2734.618888888889,
    "DOC": 54.692377777777786,
    "pH": 6.94,
    "weight": 13.06,
    "water": 6.5,
    "H2O": 360804.8279016479,
    "M_Fe3": 0.1297700538689263,
    "M_Ferm": 0.16928614895705243,
    "M_Hydro": 0.2910687573078884,
    "M_Homo": 0.18351179710312093,
    "Vmax_help_Ferm": 0.352617012748522,
    "Vmax_Ferm": 0.18003478717496502,
    "Vmax_Fe3": 0.9677141164837137,
    "Vmax_Homo": 0.7221188826346072,
    "Vmax_Hydro": 0.3736118022542298,
    "Vmax_Ac": 0.7758926350405099,
    "Kmb_help_Ferm": 661.9191047509626,
    "Km_Ac_Acetate": 5.142144795786437,
    "Km_Homo_CO2": 508.71819018010444,
    "Km_Homo_H2": 659.2307818195937,
    "Km_Hydro_CO2": 496.35688609095274,
    "Km_Hydro_H2": 612.4440967810694,
    "Km_Fe3_Fe3": 723.7180996417313,
    "Km_Fe3_Acetate": 623.697681222176,
    "Km_Ferm": 723.1583307294934,
    "Inhibition_Ferm": 9.601362842495837,
    "Fe3": 0.43621467158936866,
    "M_Ac": 0.015531046404651222,
    "CUE_Ferm": 0.4309980204712037,
    "CUE_Fe3": 0.46737986113699553,
    "CUE_Ac": 0.06277103597607844,
    "CUE_Homo": 0.7284513220273044,
    "CUE_Hydro": 0.5160454552203793
}