{
    "Sensenmann": 8.33e-05,
    "Acetate": 1,
    "temperature": 4.0,
    "C": 724.3888888888889,
    "DOC": 14.48777777777778,
    "pH": 5.95,
    "weight": 17.0,
    "water": 4.0,
    "H2O": 222033.74024716797,
    "M_Fe3": 0.007717416191284333,
    "M_Ferm": 0.48409385790418463,
    "M_Hydro": 0.45364532047673545,
    "M_Homo": 0.1213416035403606,
    "Vmax_help_Ferm": 0.486368947908366,
    "Vmax_Ferm": 4.034555626383541,
    "Vmax_Fe3": 1.5715617730914202,
    "Vmax_Homo": 0.42141973994372184,
    "Vmax_Hydro": 0.3961845395283072,
    "Vmax_Ac": 0.2862093353933012,
    "Kmb_help_Ferm": 1120.0210079177111,
    "Km_Ac_Acetate": 1.0000124249476787,
    "Km_Homo_CO2": 132.60753839851859,
    "Km_Homo_H2": 235.08504015059225,
    "Km_Hydro_CO2": 439.3739448975352,
    "Km_Hydro_H2": 903.2474406040374,
    "Km_Fe3_Fe3": 485.6758417459498,
    "Km_Fe3_Acetate": 918.2491861886646,
    "Km_Ferm": 290.7452769792111,
    "Inhibition_Ferm": 10.158609461634176,
    "Fe3": 223.94452150699132,
    "M_Ac": 0.019794047537731174,
    "CUE_Ferm": 0.001998985064337176,
    "CUE_Fe3": 0.15353179789885593,
    "CUE_Ac": 0.07567278175238429,
    "CUE_Homo": 0.5502231023665886,
    "CUE_Hydro": 0.6563374895098112
}