{
    "M_Fe3": 0.2,
    "M_Ferm": 0.02,
    "M_Hydro": 0.0025,
    "M_Homo": 0.0001,
    "Sensenmann": 8.33e-05,
    "Acetate": 1,
    "temperature": 4.0,
    "C": 2546.5533333333337,
    "DOC": 50.93106666666667,
    "pH": 3.95,
    "weight": 11.82,
    "water": 4.0,
    "H2O": 222033.74024716797,
    "Vmax_help_Ferm": 0.5098334802946825,
    "Vmax_Ferm": 4.494945724936994,
    "Vmax_Fe3": 1.2299814144348973,
    "Vmax_Homo": 0.664528948882415,
    "Vmax_Hydro": 0.7048820422652802,
    "Vmax_Ac": 0.5808040614119726,
    "Kmb_help_Ferm": 966.7368023723502,
    "Km_help_Ferm": 7474.8794131048535,
    "Km_Ac_Acetate": 92.29107509706013,
    "Km_Homo_CO2": 391.0105368187998,
    "Km_Homo_H2": 542.3499367218625,
    "Km_Hydro_CO2": 598.2469569840608,
    "Km_Hydro_H2": 628.340429071595,
    "Km_Fe3_Fe3": 575.9168659903949,
    "Km_Fe3_Acetate": 749.3584040455925,
    "Km_Ferm": 516.3035841855993,
    "Inhibition_Ferm": 5.726909713462877,
    "Fe3": 89.30461531366964,
    "M_Ac": 0.014248456068349895,
    "CUE_Ferm": 0.10389745241150616,
    "CUE_Fe3": 0.36767925164205023,
    "CUE_Ac": 0.2803170706060084,
    "CUE_Homo": 0.38900720772316166,
    "CUE_Hydro": 0.43949386357644726
}