{
    "Sensenmann": 8.33e-05,
    "Acetate": 1,
    "temperature": 4.0,
    "C": 2546.5533333333337,
    "DOC": 50.93106666666667,
    "pH": 3.95,
    "weight": 11.82,
    "water": 4.0,
    "H2O": 222033.74024716797,
    "M_Fe3": 0.3139978736280279,
    "M_Ferm": 0.07222246230574762,
    "M_Hydro": 0.23424350076538866,
    "M_Homo": 0.25356922641444146,
    "Vmax_help_Ferm": 0.27099009048174677,
    "Vmax_Ferm": 3.070174198145338,
    "Vmax_Fe3": 0.36662092567868554,
    "Vmax_Homo": 0.6504551133968267,
    "Vmax_Hydro": 0.1643378793343697,
    "Vmax_Ac": 0.5908204444006103,
    "Kmb_help_Ferm": 823.0025607637983,
    "Km_Ac_Acetate": 95.5574380367369,
    "Km_Homo_CO2": 515.1136576818309,
    "Km_Homo_H2": 261.9754894965957,
    "Km_Hydro_CO2": 566.8225468512252,
    "Km_Hydro_H2": 499.46818670158075,
    "Km_Fe3_Fe3": 520.3118802160024,
    "Km_Fe3_Acetate": 696.5343626405927,
    "Km_Ferm": 444.24226579110217,
    "Inhibition_Ferm": 15.041837093931447,
    "Fe3": 203.6544580681733,
    "M_Ac": 0.01555850676539105,
    "CUE_Ferm": 0.19553831531179183,
    "CUE_Fe3": 0.25935525748351135,
    "CUE_Ac": 0.30170637382058985,
    "CUE_Homo": 0.6005018250530907,
    "CUE_Hydro": 0.7484699619354919
}