{
    "Sensenmann": 8.33e-05,
    "Acetate": 1,
    "temperature": 4.0,
    "C": 1753.4722222222222,
    "DOC": 35.06944444444444,
    "pH": 7.9,
    "weight": 12.5,
    "water": 7.5,
    "H2O": 416313.2629634399,
    "M_Fe3": 0.14616873955961823,
    "M_Ferm": 0.3184226557830686,
    "M_Hydro": 0.2920090851646571,
    "M_Homo": 0.3781867202793524,
    "Vmax_help_Ferm": 0.4288840388191013,
    "Vmax_Ferm": 2.819740778471569,
    "Vmax_Fe3": 2.234294308901105,
    "Vmax_Homo": 0.5509770311650776,
    "Vmax_Hydro": 0.48529841331680157,
    "Vmax_Ac": 0.6710716874118866,
    "Kmb_help_Ferm": 1192.9242629614748,
    "Km_Ac_Acetate": 637.0059533283386,
    "Km_Homo_CO2": 224.92246942342973,
    "Km_Homo_H2": 641.5189600696822,
    "Km_Hydro_CO2": 368.99526858592947,
    "Km_Hydro_H2": 338.1042616933875,
    "Km_Fe3_Fe3": 190.4605755943249,
    "Km_Fe3_Acetate": 400.88153052792734,
    "Km_Ferm": 576.6441984218334,
    "Inhibition_Ferm": 5.8863716040066905,
    "Fe3": 195.20026709704513,
    "M_Ac": 0.01581210964308313,
    "CUE_Ferm": 0.009103727780937694,
    "CUE_Fe3": 0.40606636490784787,
    "CUE_Ac": 0.4117648499994455,
    "CUE_Homo": 0.7353953896717225,
    "CUE_Hydro": 0.4278429958150114
}