{
    "Sensenmann": 8.33e-05,
    "Acetate": 1,
    "temperature": 4.0,
    "C": 4075.4000000000005,
    "DOC": 81.50800000000001,
    "pH": 7.05,
    "weight": 12.3,
    "water": 9.9,
    "H2O": 549533.5071117406,
    "M_Fe3": 0.04734046753757021,
    "M_Ferm": 0.2688652593882636,
    "M_Hydro": 0.24355430960358423,
    "M_Homo": 0.2720058013396809,
    "Vmax_help_Ferm": 0.2474992674728001,
    "Vmax_Ferm": 1.8912414200875558,
    "Vmax_Fe3": 1.4859633986704888,
    "Vmax_Homo": 0.7289480106768534,
    "Vmax_Hydro": 0.1403926481540593,
    "Vmax_Ac": 0.5874192531351874,
    "Kmb_help_Ferm": 870.3127079590424,
    "Km_Ac_Acetate": 1.9989416056550908,
    "Km_Homo_CO2": 472.9656971254706,
    "Km_Homo_H2": 355.5319007540951,
    "Km_Hydro_CO2": 565.0586711477682,
    "Km_Hydro_H2": 359.8950209035016,
    "Km_Fe3_Fe3": 608.7912140588743,
    "Km_Fe3_Acetate": 741.4747008790619,
    "Km_Ferm": 570.2356943118742,
    "Inhibition_Ferm": 12.923709525018182,
    "Fe3": 24.55450367216405,
    "M_Ac": 0.011050712113270834,
    "CUE_Ferm": 0.31892582643626893,
    "CUE_Fe3": 0.4383746892819876,
    "CUE_Ac": 0.06861429083427029,
    "CUE_Homo": 0.4864815239648758,
    "CUE_Hydro": 0.46068398911834096
}