{
    "Sensenmann": 8.33e-05,
    "Acetate": 1,
    "temperature": 4.0,
    "C": 1876.5166666666667,
    "DOC": 37.53033333333333,
    "pH": 6.74,
    "weight": 17.9,
    "water": 2.5,
    "H2O": 138771.08765447995,
    "M_Fe3": 0.09026961052386132,
    "M_Ferm": 0.22659636146586187,
    "M_Hydro": 0.3293767592208956,
    "M_Homo": 0.4221207630993445,
    "Vmax_help_Ferm": 0.5259072572843542,
    "Vmax_Ferm": 3.417630309447184,
    "Vmax_Fe3": 1.3468861877948473,
    "Vmax_Homo": 0.3334853706150912,
    "Vmax_Hydro": 0.542131898907582,
    "Vmax_Ac": 0.8281907382264622,
    "Kmb_help_Ferm": 218.9029095742609,
    "Km_Ac_Acetate": 109.64076938077517,
    "Km_Homo_CO2": 467.41317429194896,
    "Km_Homo_H2": 910.2173377896877,
    "Km_Hydro_CO2": 867.5065036087343,
    "Km_Hydro_H2": 842.1088021689102,
    "Km_Fe3_Fe3": 819.5436215969421,
    "Km_Fe3_Acetate": 433.86326106299384,
    "Km_Ferm": 429.48263401468057,
    "Inhibition_Ferm": 7.353498269219804,
    "Fe3": 93.61751898176239,
    "M_Ac": 0.018167021934069303,
    "CUE_Ferm": 0.6328840175643271,
    "CUE_Fe3": 0.2046927365510553,
    "CUE_Ac": 0.629769155023657,
    "CUE_Homo": 0.38203363305580185,
    "CUE_Hydro": 0.9395731904276521
}