{
    "Sensenmann": 8.33e-05,
    "Acetate": 1,
    "temperature": 4.0,
    "C": 4037.866666666667,
    "DOC": 80.75733333333334,
    "pH": 5.99,
    "weight": 10.72,
    "water": 12.5,
    "H2O": 693855.4382723998,
    "M_Fe3": 0.0012938436431418898,
    "M_Ferm": 0.1485002782346781,
    "M_Hydro": 0.1800878224772619,
    "M_Homo": 0.26275385657821737,
    "Vmax_help_Ferm": 0.13898125003811623,
    "Vmax_Ferm": 2.9211783329791907,
    "Vmax_Fe3": 0.7493165774320335,
    "Vmax_Homo": 0.344835905037642,
    "Vmax_Hydro": 0.36105638011994623,
    "Vmax_Ac": 0.8008289712045669,
    "Kmb_help_Ferm": 1254.850966600945,
    "Km_Ac_Acetate": 14.299044916012933,
    "Km_Homo_CO2": 847.9376124186683,
    "Km_Homo_H2": 500.2999487292848,
    "Km_Hydro_CO2": 486.5454574530054,
    "Km_Hydro_H2": 624.2990420766138,
    "Km_Fe3_Fe3": 697.2230684944564,
    "Km_Fe3_Acetate": 453.4803975188144,
    "Km_Ferm": 274.5826869328758,
    "Inhibition_Ferm": 5.994226584544496,
    "Fe3": 69.97753747763655,
    "M_Ac": 0.0166873897618706,
    "CUE_Ferm": 0.524613548883096,
    "CUE_Fe3": 0.23106116759536433,
    "CUE_Ac": 0.09064884181844986,
    "CUE_Homo": 0.727009766513242,
    "CUE_Hydro": 0.6455889210429919
}