{
    "Sensenmann": 8.33e-05,
    "Acetate": 1,
    "temperature": 4.0,
    "C": 1551.911111111111,
    "DOC": 31.03822222222222,
    "pH": 6.57,
    "weight": 8.84,
    "water": 8.2,
    "H2O": 455169.16750669427,
    "M_Fe3": 0.1479954430534168,
    "M_Ferm": 0.3792144028539613,
    "M_Hydro": 0.2509015431428909,
    "M_Homo": 0.17808090604333474,
    "Vmax_help_Ferm": 0.6886184619204543,
    "Vmax_Ferm": 3.0189170362373696,
    "Vmax_Fe3": 0.25677351695821055,
    "Vmax_Homo": 0.4124382869878322,
    "Vmax_Hydro": 0.17005164661814187,
    "Vmax_Ac": 0.7799555201447755,
    "Kmb_help_Ferm": 787.8519379014565,
    "Km_Ac_Acetate": 12.034851210222579,
    "Km_Homo_CO2": 783.5984216159932,
    "Km_Homo_H2": 275.1713978782648,
    "Km_Hydro_CO2": 430.0771220735323,
    "Km_Hydro_H2": 639.748717748097,
    "Km_Fe3_Fe3": 344.68997434679926,
    "Km_Fe3_Acetate": 787.4543282683507,
    "Km_Ferm": 796.7680089102977,
    "Inhibition_Ferm": 9.72542073818434,
    "Fe3": 88.59119125181284,
    "M_Ac": 0.010474265989618621,
    "CUE_Ferm": 0.10962207627835996,
    "CUE_Fe3": 0.447362907221321,
    "CUE_Ac": 0.12487702815818308,
    "CUE_Homo": 0.3296245081834186,
    "CUE_Hydro": 0.5637765422341579
}