{
    "Sensenmann": 8.33e-05,
    "Acetate": 1,
    "temperature": 4.0,
    "C": 588.3844444444444,
    "DOC": 11.767688888888888,
    "pH": 6.15,
    "weight": 17.77,
    "water": 4.6,
    "H2O": 255338.80128424312,
    "M_Fe3": 0.1852661015849527,
    "M_Ferm": 0.2715236039859727,
    "M_Hydro": 0.17241872027543834,
    "M_Homo": 0.29102400856730404,
    "Vmax_help_Ferm": 0.5658417599242233,
    "Vmax_Ferm": 1.3844864809996025,
    "Vmax_Fe3": 1.4051281283725054,
    "Vmax_Homo": 0.14240785521074348,
    "Vmax_Hydro": 0.5713303903625627,
    "Vmax_Ac": 0.3206313265698932,
    "Kmb_help_Ferm": 1200.0970146556122,
    "Km_Ac_Acetate": 0.0019514014476271768,
    "Km_Homo_CO2": 245.73143278533027,
    "Km_Homo_H2": 430.44947219957044,
    "Km_Hydro_CO2": 838.2353372009642,
    "Km_Hydro_H2": 524.8695441406962,
    "Km_Fe3_Fe3": 336.55786196621756,
    "Km_Fe3_Acetate": 372.086194072635,
    "Km_Ferm": 433.707975472406,
    "Inhibition_Ferm": 13.37632638929442,
    "Fe3": 144.85355877608106,
    "M_Ac": 0.010279836589550449,
    "CUE_Ferm": 0.20779966960942298,
    "CUE_Fe3": 0.7341182332310421,
    "CUE_Ac": 0.4358833176382946,
    "CUE_Homo": 0.5234828378794738,
    "CUE_Hydro": 0.8317341123233403
}