{
    "M_Fe3": 0.2,
    "M_Ferm": 0.02,
    "M_Hydro": 0.0025,
    "M_Homo": 0.0001,
    "Sensenmann": 0,
    "Acetate": 1,
    "temperature": 4.0,
    "C": 4037.866666666667,
    "DOC": 80.75733333333334,
    "pH": 5.99,
    "weight": 10.72,
    "water": 12.5,
    "Vmax_help_Ferm": 0.04552387775548125,
    "Vmax_Ferm": 0.29658853920911366,
    "Vmax_Fe3": 1.0118381641953695,
    "Vmax_Homo": 0.6201485370757814,
    "Vmax_Hydro": 0.5424414493224411,
    "Vmax_Ac": 0.34791418243126804,
    "Kmb_help_Ferm": 9.739814245442759,
    "Inhibition_Ferm": 13.745554419931644,
    "Fe3": 10.035128991263903,
    "M_Ac": 0.011496320664512748,
    "CUE_Ferm": 0.6856137320478687,
    "CUE_Fe3": 0.5198142034878447,
    "CUE_Ac": 0.3116770688172935,
    "CUE_Homo": 0.030003596705901796,
    "CUE_Hydro": 0.24670196655606214
}