{
    "Sensenmann": 8.33e-05,
    "Acetate": 1,
    "temperature": 4.0,
    "C": 3306.188888888889,
    "DOC": 66.12377777777778,
    "pH": 7.15,
    "weight": 12.22,
    "water": 7.3,
    "H2O": 405211.57595108147,
    "M_Fe3": 0.008032943405777149,
    "M_Ferm": 0.2982207190050694,
    "M_Hydro": 0.23257011728921745,
    "M_Homo": 0.24307050535496866,
    "Vmax_help_Ferm": 0.4164564757204759,
    "Vmax_Ferm": 3.7793247181038088,
    "Vmax_Fe3": 1.374816278564966,
    "Vmax_Homo": 0.5354767036903105,
    "Vmax_Hydro": 0.31402781805952307,
    "Vmax_Ac": 0.5072368027942965,
    "Kmb_help_Ferm": 488.97429917139306,
    "Km_Ac_Acetate": 0.016212545802773093,
    "Km_Homo_CO2": 673.2941568930596,
    "Km_Homo_H2": 548.801173966525,
    "Km_Hydro_CO2": 539.386037099788,
    "Km_Hydro_H2": 447.1835912128159,
    "Km_Fe3_Fe3": 849.3499244244672,
    "Km_Fe3_Acetate": 709.884338559472,
    "Km_Ferm": 583.8024458234823,
    "Inhibition_Ferm": 14.535920075625269,
    "Fe3": 43.70305793351663,
    "M_Ac": 0.009616785008367981,
    "CUE_Ferm": 0.43421501137759866,
    "CUE_Fe3": 0.4840706318893008,
    "CUE_Ac": 0.04920473560334401,
    "CUE_Homo": 0.4055315520054933,
    "CUE_Hydro": 0.5802724176428272
}