{
    "Sensenmann": 8.33e-05,
    "Acetate": 1,
    "temperature": 4.0,
    "C": 2594.246111111111,
    "DOC": 51.88492222222222,
    "pH": 6.42,
    "weight": 9.67,
    "water": 10.5,
    "H2O": 582838.5681488159,
    "M_Fe3": 0.045727947192256244,
    "M_Ferm": 0.08380341296505969,
    "M_Hydro": 0.17784767700244478,
    "M_Homo": 0.23259590207023115,
    "Vmax_help_Ferm": 0.4538044673854375,
    "Vmax_Ferm": 1.9281445566947477,
    "Vmax_Fe3": 0.42899430284873563,
    "Vmax_Homo": 0.4156102655583275,
    "Vmax_Hydro": 0.7044815092512734,
    "Vmax_Ac": 0.9631144612976016,
    "Kmb_help_Ferm": 1322.6451725950917,
    "Km_Ac_Acetate": 18.20620058668267,
    "Km_Homo_CO2": 332.30122495471574,
    "Km_Homo_H2": 743.813683842775,
    "Km_Hydro_CO2": 523.9538915142788,
    "Km_Hydro_H2": 508.81442926111794,
    "Km_Fe3_Fe3": 539.140999645591,
    "Km_Fe3_Acetate": 524.5973028520289,
    "Km_Ferm": 761.7343587386672,
    "Inhibition_Ferm": 13.03268512084428,
    "Fe3": 28.449271194162634,
    "M_Ac": 0.011021272606059663,
    "CUE_Ferm": 0.2027365189075616,
    "CUE_Fe3": 0.7297619702404948,
    "CUE_Ac": 0.10152690270009017,
    "CUE_Homo": 0.6287663895699724,
    "CUE_Hydro": 0.3463634560418106
}