{
    "Sensenmann": 8.33e-05,
    "Acetate": 1,
    "temperature": 4.0,
    "C": 2594.246111111111,
    "DOC": 51.88492222222222,
    "pH": 6.42,
    "weight": 9.67,
    "water": 10.5,
    "H2O": 582838.5681488159,
    "M_Fe3": 0.08723349527805369,
    "M_Ferm": 0.1120390496791696,
    "M_Hydro": 0.3634110290729708,
    "M_Homo": 0.20475550296953807,
    "Vmax_help_Ferm": 0.6119228077466996,
    "Vmax_Ferm": 1.3306578880789126,
    "Vmax_Fe3": 0.03133213599313389,
    "Vmax_Homo": 0.49358580126045415,
    "Vmax_Hydro": 0.3540804849037968,
    "Vmax_Ac": 0.7187036112559964,
    "Kmb_help_Ferm": 838.9078230296327,
    "Km_Ac_Acetate": 12.930197358788524,
    "Km_Homo_CO2": 287.012054008761,
    "Km_Homo_H2": 209.4014894388694,
    "Km_Hydro_CO2": 466.35101680786386,
    "Km_Hydro_H2": 190.68167535636488,
    "Km_Fe3_Fe3": 680.3570656868594,
    "Km_Fe3_Acetate": 487.2365861778946,
    "Km_Ferm": 354.3958710732953,
    "Inhibition_Ferm": 6.694696972980342,
    "Fe3": 171.5470493883259,
    "M_Ac": 0.013051209600188648,
    "CUE_Ferm": 0.12700332072586673,
    "CUE_Fe3": 0.5872864551628547,
    "CUE_Ac": 0.14320179922704762,
    "CUE_Homo": 0.5179340259033222,
    "CUE_Hydro": 0.39054221829770985
}