{
    "Sensenmann": 8.33e-05,
    "Acetate": 1,
    "temperature": 4.0,
    "C": 1121.9666666666667,
    "DOC": 22.439333333333334,
    "pH": 7.6,
    "weight": 13.88,
    "water": 5.4,
    "H2O": 299745.54933367675,
    "M_Fe3": 0.2734737736596563,
    "M_Ferm": 0.35988686659445984,
    "M_Hydro": 0.19647489641986635,
    "M_Homo": 0.3020597163370354,
    "Vmax_help_Ferm": 0.582227032735367,
    "Vmax_Ferm": 2.1723224853236416,
    "Vmax_Fe3": 1.2455000813208055,
    "Vmax_Homo": 0.7835170328096205,
    "Vmax_Hydro": 0.5127734850935426,
    "Vmax_Ac": 0.7763586695500276,
    "Kmb_help_Ferm": 1363.5926724254327,
    "Km_Ac_Acetate": 251.0932368252668,
    "Km_Homo_CO2": 286.69360454167656,
    "Km_Homo_H2": 286.42000955257635,
    "Km_Hydro_CO2": 387.6717226953729,
    "Km_Hydro_H2": 380.4382083218841,
    "Km_Fe3_Fe3": 479.86132870081576,
    "Km_Fe3_Acetate": 312.13481864997993,
    "Km_Ferm": 119.658788658691,
    "Inhibition_Ferm": 8.044739555669718,
    "Fe3": 147.50773958677252,
    "M_Ac": 0.009902172997339684,
    "CUE_Ferm": 0.05160106137849083,
    "CUE_Fe3": 0.034335412172526114,
    "CUE_Ac": 0.5933911270822139,
    "CUE_Homo": 0.47439724908876435,
    "CUE_Hydro": 0.7010874258267334
}