{
    "Sensenmann": 8.33e-05,
    "Acetate": 1,
    "temperature": 4.0,
    "C": 2740.517777777778,
    "DOC": 54.81035555555556,
    "pH": 7.17,
    "weight": 13.81,
    "water": 6.2,
    "H2O": 344152.29738311033,
    "M_Fe3": 0.3472678839243731,
    "M_Ferm": 0.14750902811341207,
    "M_Hydro": 0.16050407055364668,
    "M_Homo": 0.18610994865494973,
    "Vmax_help_Ferm": 0.9449486030149818,
    "Vmax_Ferm": 4.600182605545386,
    "Vmax_Fe3": 1.7037922374234207,
    "Vmax_Homo": 0.14931617098878264,
    "Vmax_Hydro": 0.8066675586409336,
    "Vmax_Ac": 0.7412813251934538,
    "Kmb_help_Ferm": 643.3720944038239,
    "Km_Ac_Acetate": 168.71987106812767,
    "Km_Homo_CO2": 530.5078783197715,
    "Km_Homo_H2": 466.3586842410639,
    "Km_Hydro_CO2": 374.1617560681767,
    "Km_Hydro_H2": 243.00745124005599,
    "Km_Fe3_Fe3": 961.0280788783423,
    "Km_Fe3_Acetate": 343.9341269387529,
    "Km_Ferm": 296.7527292539652,
    "Inhibition_Ferm": 6.876701677046548,
    "Fe3": 191.00457293603935,
    "M_Ac": 0.008158999733823901,
    "CUE_Ferm": 0.2238215214297194,
    "CUE_Fe3": 0.1804408690581234,
    "CUE_Ac": 0.39193832807302487,
    "CUE_Homo": 0.3294683255883979,
    "CUE_Hydro": 0.5144113513231245
}