{
    "Sensenmann": 8.33e-05,
    "Acetate": 1,
    "temperature": 4.0,
    "C": 1898.44,
    "DOC": 37.9688,
    "pH": 5.98,
    "weight": 7.44,
    "water": 13.0,
    "H2O": 721609.6558032958,
    "M_Fe3": 0.07415899598357874,
    "M_Ferm": 0.45257844486259696,
    "M_Hydro": 0.3614788345155884,
    "M_Homo": 0.25596276104524424,
    "Vmax_help_Ferm": 0.42352457636011637,
    "Vmax_Ferm": 2.5818584525583432,
    "Vmax_Fe3": 2.1238617449038397,
    "Vmax_Homo": 0.19064555076129674,
    "Vmax_Hydro": 0.6181723845614893,
    "Vmax_Ac": 0.7399616648730949,
    "Kmb_help_Ferm": 2.3722109405017693,
    "Km_Ac_Acetate": 626.7330534536184,
    "Km_Homo_CO2": 295.8633765165367,
    "Km_Homo_H2": 612.4705411316726,
    "Km_Hydro_CO2": 481.8441763526018,
    "Km_Hydro_H2": 337.91885587606976,
    "Km_Fe3_Fe3": 706.5746126718001,
    "Km_Fe3_Acetate": 779.1017756200075,
    "Km_Ferm": 484.64234373759336,
    "Inhibition_Ferm": 13.092473756442615,
    "Fe3": 189.70737409233018,
    "M_Ac": 0.01952807259664443,
    "CUE_Ferm": 0.019802713766614577,
    "CUE_Fe3": 0.4407413005950054,
    "CUE_Ac": 0.6039010930254973,
    "CUE_Homo": 0.5284372274588809,
    "CUE_Hydro": 0.7122841429921474
}