{
    "Sensenmann": 8.33e-05,
    "Acetate": 1,
    "temperature": 4.0,
    "C": 4089.83,
    "DOC": 81.7966,
    "pH": 4.3,
    "weight": 10.02,
    "water": 7.2,
    "H2O": 399660.7324449023,
    "M_Fe3": 0.00022630467268591747,
    "M_Ferm": 0.14995310450155624,
    "M_Hydro": 0.2909261524560479,
    "M_Homo": 0.19383769705518736,
    "Vmax_help_Ferm": 0.4055372893259607,
    "Vmax_Ferm": 1.8995503366682094,
    "Vmax_Fe3": 0.5786233652572623,
    "Vmax_Homo": 0.5364500467863306,
    "Vmax_Hydro": 0.48818295429162223,
    "Vmax_Ac": 0.5902311111046962,
    "Kmb_help_Ferm": 734.6527914885575,
    "Km_Ac_Acetate": 57.903521262931285,
    "Km_Homo_CO2": 270.21874633628977,
    "Km_Homo_H2": 715.3984249284819,
    "Km_Hydro_CO2": 381.30225945705126,
    "Km_Hydro_H2": 237.37751252730436,
    "Km_Fe3_Fe3": 558.2824292833039,
    "Km_Fe3_Acetate": 644.251052416619,
    "Km_Ferm": 394.12847456394087,
    "Inhibition_Ferm": 8.722902586086335,
    "Fe3": 137.5842636047959,
    "M_Ac": 0.007738190885368673,
    "CUE_Ferm": 0.17377505506423244,
    "CUE_Fe3": 0.5223321845207494,
    "CUE_Ac": 0.24675396230113666,
    "CUE_Homo": 0.3847580496293335,
    "CUE_Hydro": 0.5918982029930977
}