{
    "Sensenmann": 8.33e-05,
    "Acetate": 1,
    "temperature": 4.0,
    "C": 3674.475555555556,
    "DOC": 73.48951111111113,
    "pH": 6.48,
    "weight": 11.38,
    "water": 8.67,
    "H2O": 481258.13198573655,
    "M_Fe3": 0.3164340015476082,
    "M_Ferm": 0.45250205605286853,
    "M_Hydro": 0.20383576177221682,
    "M_Homo": 0.2195213001192084,
    "Vmax_help_Ferm": 0.6483351677411977,
    "Vmax_Ferm": 3.2746601808792564,
    "Vmax_Fe3": 1.6584019225712014,
    "Vmax_Homo": 0.5131087730754611,
    "Vmax_Hydro": 0.4827513038595379,
    "Vmax_Ac": 0.7401727967386719,
    "Kmb_help_Ferm": 755.470829659114,
    "Km_Ac_Acetate": 147.54266939057504,
    "Km_Homo_CO2": 541.614417802091,
    "Km_Homo_H2": 370.19222752493545,
    "Km_Hydro_CO2": 503.8976541612342,
    "Km_Hydro_H2": 692.0408503744011,
    "Km_Fe3_Fe3": 249.14794605380536,
    "Km_Fe3_Acetate": 186.10382146910382,
    "Km_Ferm": 205.24305257058046,
    "Inhibition_Ferm": 15.843419534808586,
    "Fe3": 279.1664529732949,
    "M_Ac": 0.00781837461574407,
    "CUE_Ferm": 0.0014044705888864861,
    "CUE_Fe3": 0.018842581786702617,
    "CUE_Ac": 0.522613410939658,
    "CUE_Homo": 0.5609089557947642,
    "CUE_Hydro": 0.3202187004575555
}