{
    "Sensenmann": 8.33e-05,
    "Acetate": 1,
    "temperature": 4.0,
    "C": 1551.911111111111,
    "DOC": 31.03822222222222,
    "pH": 6.57,
    "weight": 8.84,
    "water": 8.2,
    "H2O": 455169.16750669427,
    "M_Fe3": 0.0024250412705987268,
    "M_Ferm": 0.2657144248043045,
    "M_Hydro": 0.46569711184693635,
    "M_Homo": 0.21417574246117632,
    "Vmax_help_Ferm": 0.3850583155507745,
    "Vmax_Ferm": 3.4915191919708173,
    "Vmax_Fe3": 1.2009816348692643,
    "Vmax_Homo": 0.5061801192417302,
    "Vmax_Hydro": 0.835421225613177,
    "Vmax_Ac": 0.9473260627602171,
    "Kmb_help_Ferm": 1062.3304073917548,
    "Km_Ac_Acetate": 15.606362523386323,
    "Km_Homo_CO2": 404.30266903945443,
    "Km_Homo_H2": 681.7465171599787,
    "Km_Hydro_CO2": 471.4146171586526,
    "Km_Hydro_H2": 224.82448964101334,
    "Km_Fe3_Fe3": 629.0703743851706,
    "Km_Fe3_Acetate": 392.43254280568505,
    "Km_Ferm": 257.88957029757444,
    "Inhibition_Ferm": 11.915579172912857,
    "Fe3": 17.287971867011432,
    "M_Ac": 0.008980787918850134,
    "CUE_Ferm": 0.07764561765656468,
    "CUE_Fe3": 0.4578470338634508,
    "CUE_Ac": 0.07744456412621181,
    "CUE_Homo": 0.5744461768737841,
    "CUE_Hydro": 0.5158797700465805
}