{
    "Sensenmann": 8.33e-05,
    "Acetate": 1,
    "temperature": 4.0,
    "C": 1093.821333333333,
    "DOC": 21.876426666666664,
    "pH": 6.08,
    "weight": 14.226,
    "water": 6.6,
    "H2O": 366355.6714078271,
    "M_Fe3": 0.05574387980003315,
    "M_Ferm": 0.2926637939987786,
    "M_Hydro": 0.34624549002884614,
    "M_Homo": 0.19562573541576714,
    "Vmax_help_Ferm": 0.9709855477079863,
    "Vmax_Ferm": 3.896656137281061,
    "Vmax_Fe3": 1.7246579224565297,
    "Vmax_Homo": 0.6272775727944385,
    "Vmax_Hydro": 0.5362994282276369,
    "Vmax_Ac": 0.6966628012371442,
    "Kmb_help_Ferm": 1051.585338595203,
    "Km_Ac_Acetate": 12.583713849495417,
    "Km_Homo_CO2": 501.7016366067555,
    "Km_Homo_H2": 590.0646606641714,
    "Km_Hydro_CO2": 747.255525114171,
    "Km_Hydro_H2": 742.2517676618058,
    "Km_Fe3_Fe3": 517.4474283223979,
    "Km_Fe3_Acetate": 325.7079947239297,
    "Km_Ferm": 427.8132529597358,
    "Inhibition_Ferm": 11.16957538430917,
    "Fe3": 124.02750229421454,
    "M_Ac": 0.00875007030215353,
    "CUE_Ferm": 0.007648001778533864,
    "CUE_Fe3": 0.12145843626967022,
    "CUE_Ac": 0.11780155820963942,
    "CUE_Homo": 0.6433800423786272,
    "CUE_Hydro": 0.41991820953452474
}