{
    "Sensenmann": 8.33e-05,
    "Acetate": 1,
    "temperature": 4.0,
    "C": 1121.9666666666667,
    "DOC": 22.439333333333334,
    "pH": 7.6,
    "weight": 13.88,
    "water": 5.4,
    "H2O": 299745.54933367675,
    "M_Fe3": 0.3218398559108868,
    "M_Ferm": 0.2245064142291652,
    "M_Hydro": 0.3128256189165867,
    "M_Homo": 0.05588647147894209,
    "Vmax_help_Ferm": 0.3016275362192789,
    "Vmax_Ferm": 3.7105082823727065,
    "Vmax_Fe3": 2.396004187898994,
    "Vmax_Homo": 0.45610927924239686,
    "Vmax_Hydro": 0.3482103708026119,
    "Vmax_Ac": 0.2127742518374656,
    "Kmb_help_Ferm": 8.719682278603058,
    "Km_Ac_Acetate": 437.9704294504522,
    "Km_Homo_CO2": 756.9602500185563,
    "Km_Homo_H2": 633.4945257885855,
    "Km_Hydro_CO2": 412.04124297641494,
    "Km_Hydro_H2": 934.0619138459298,
    "Km_Fe3_Fe3": 570.3581593014377,
    "Km_Fe3_Acetate": 60.33971844727523,
    "Km_Ferm": 474.65393834990596,
    "Inhibition_Ferm": 11.640825041215423,
    "Fe3": 249.99554033114703,
    "M_Ac": 0.010314445797990242,
    "CUE_Ferm": 0.4402531286848089,
    "CUE_Fe3": 0.40358702091591264,
    "CUE_Ac": 0.38036579458546377,
    "CUE_Homo": 0.22026258831207,
    "CUE_Hydro": 0.38796233198333446
}