{
    "Sensenmann": 8.33e-05,
    "Acetate": 1,
    "temperature": 4.0,
    "C": 4993.266666666666,
    "DOC": 99.86533333333333,
    "pH": 4.78,
    "weight": 7.26,
    "water": 12.0,
    "H2O": 666101.2207415039,
    "M_Fe3": 0.314274341636951,
    "M_Ferm": 0.32141204030419196,
    "M_Hydro": 0.20363556478692052,
    "M_Homo": 0.26407996564432157,
    "Vmax_help_Ferm": 0.19105787555812428,
    "Vmax_Ferm": 2.5373166661997955,
    "Vmax_Fe3": 0.9968674801207912,
    "Vmax_Homo": 0.5641427080338492,
    "Vmax_Hydro": 0.4728570599599758,
    "Vmax_Ac": 0.4854684963589537,
    "Kmb_help_Ferm": 457.1022913299448,
    "Km_Ac_Acetate": 0.004433906563463097,
    "Km_Homo_CO2": 339.4419239810856,
    "Km_Homo_H2": 567.4368791302895,
    "Km_Hydro_CO2": 444.4570063782134,
    "Km_Hydro_H2": 589.5211084103214,
    "Km_Fe3_Fe3": 223.25683118395094,
    "Km_Fe3_Acetate": 698.7532420248746,
    "Km_Ferm": 523.5831330387916,
    "Inhibition_Ferm": 9.619911171916051,
    "Fe3": 138.70598789132956,
    "M_Ac": 0.00980632458098376,
    "CUE_Ferm": 0.3938890673649236,
    "CUE_Fe3": 0.6842948659614421,
    "CUE_Ac": 0.5364731116581177,
    "CUE_Homo": 0.5807283666238633,
    "CUE_Hydro": 0.40541574355942167
}