{
    "Sensenmann": 8.33e-05,
    "Acetate": 1,
    "temperature": 4.0,
    "C": 2594.246111111111,
    "DOC": 51.88492222222222,
    "pH": 6.42,
    "weight": 9.67,
    "water": 10.5,
    "H2O": 582838.5681488159,
    "M_Fe3": 0.2987630054816813,
    "M_Ferm": 0.26650643618943237,
    "M_Hydro": 0.1808962173011019,
    "M_Homo": 0.3692212258653658,
    "Vmax_help_Ferm": 0.6377254804331723,
    "Vmax_Ferm": 1.0880546074756574,
    "Vmax_Fe3": 0.14562101342983746,
    "Vmax_Homo": 0.39220281972970067,
    "Vmax_Hydro": 0.5143579447305672,
    "Vmax_Ac": 0.7565552068980722,
    "Kmb_help_Ferm": 1284.250070820931,
    "Km_Ac_Acetate": 0.12234901350689142,
    "Km_Homo_CO2": 670.0443723133665,
    "Km_Homo_H2": 417.2901590361618,
    "Km_Hydro_CO2": 659.2013042068044,
    "Km_Hydro_H2": 335.86225215071397,
    "Km_Fe3_Fe3": 770.9737195137424,
    "Km_Fe3_Acetate": 598.3024619115671,
    "Km_Ferm": 686.680522282553,
    "Inhibition_Ferm": 11.767479125681074,
    "Fe3": 111.38175329439744,
    "M_Ac": 0.010632905084843425,
    "CUE_Ferm": 0.4641087374428019,
    "CUE_Fe3": 0.5842709345337542,
    "CUE_Ac": 0.6675854952640268,
    "CUE_Homo": 0.23967341218722504,
    "CUE_Hydro": 0.5752295593236009
}