{
    "Sensenmann": 8.33e-05,
    "Acetate": 1,
    "temperature": 4.0,
    "C": 5559.6,
    "DOC": 111.19200000000001,
    "pH": 4.45,
    "weight": 10.8,
    "water": 8.92,
    "H2O": 495135.2407511845,
    "M_Fe3": 0.18781247989520847,
    "M_Ferm": 0.49941310473653966,
    "M_Hydro": 0.2746307991922103,
    "M_Homo": 0.3092001327518378,
    "Vmax_help_Ferm": 0.5391513896314833,
    "Vmax_Ferm": 0.3660356725680948,
    "Vmax_Fe3": 2.13498137753216,
    "Vmax_Homo": 0.44365434430698086,
    "Vmax_Hydro": 0.4700520884406932,
    "Vmax_Ac": 0.6557738792493433,
    "Kmb_help_Ferm": 1375.6777523979883,
    "Km_Ac_Acetate": 430.6995842921184,
    "Km_Homo_CO2": 726.1959219096843,
    "Km_Homo_H2": 528.7375392366561,
    "Km_Hydro_CO2": 232.3711881564883,
    "Km_Hydro_H2": 300.9316025045044,
    "Km_Fe3_Fe3": 571.3511804928828,
    "Km_Fe3_Acetate": 284.7153693773724,
    "Km_Ferm": 659.1008809819805,
    "Inhibition_Ferm": 12.241889676785704,
    "Fe3": 127.81844734144605,
    "M_Ac": 0.009438609989376514,
    "CUE_Ferm": 0.6694359664176975,
    "CUE_Fe3": 0.4901623283820267,
    "CUE_Ac": 0.3450898032799717,
    "CUE_Homo": 0.32763022689849935,
    "CUE_Hydro": 0.44224075885437125
}