{
    "Sensenmann": 8.33e-05,
    "Acetate": 1,
    "temperature": 4.0,
    "C": 3055.8055555555557,
    "DOC": 61.11611111111112,
    "pH": 7.22,
    "weight": 11.5,
    "water": 8.8,
    "H2O": 488474.22854376957,
    "M_Fe3": 0.312402941595869,
    "M_Ferm": 0.13653921916216616,
    "M_Hydro": 0.23600484781556405,
    "M_Homo": 0.32696012904937727,
    "Vmax_help_Ferm": 0.6457584082229169,
    "Vmax_Ferm": 3.1739441141266864,
    "Vmax_Fe3": 2.0410331503065797,
    "Vmax_Homo": 0.43747271599519355,
    "Vmax_Hydro": 0.4452878767127281,
    "Vmax_Ac": 0.538626080922217,
    "Kmb_help_Ferm": 3.559849533623833,
    "Km_Ac_Acetate": 359.728152949979,
    "Km_Homo_CO2": 704.1192594350536,
    "Km_Homo_H2": 401.6028034596926,
    "Km_Hydro_CO2": 329.99106993701855,
    "Km_Hydro_H2": 418.0911748748025,
    "Km_Fe3_Fe3": 467.683613889238,
    "Km_Fe3_Acetate": 981.2496697954873,
    "Km_Ferm": 685.1683843863093,
    "Inhibition_Ferm": 18.514309297307747,
    "Fe3": 272.34847363324127,
    "M_Ac": 0.01562305735433487,
    "CUE_Ferm": 0.2601042692242038,
    "CUE_Fe3": 0.2285396005345921,
    "CUE_Ac": 0.5121434575191747,
    "CUE_Homo": 0.569469590645307,
    "CUE_Hydro": 0.7362781956676023
}