{
    "Sensenmann": 8.33e-05,
    "Acetate": 1,
    "temperature": 4.0,
    "C": 1093.821333333333,
    "DOC": 21.876426666666664,
    "pH": 6.08,
    "weight": 14.226,
    "water": 6.6,
    "H2O": 366355.6714078271,
    "M_Fe3": 0.2058484993192489,
    "M_Ferm": 0.41006822995290687,
    "M_Hydro": 0.3844040391947227,
    "M_Homo": 0.43991735862463943,
    "Vmax_help_Ferm": 0.5730250676354269,
    "Vmax_Ferm": 3.263286075069807,
    "Vmax_Fe3": 0.03184046196889162,
    "Vmax_Homo": 0.6541274267531206,
    "Vmax_Hydro": 0.33546462796607013,
    "Vmax_Ac": 0.7056529524656947,
    "Kmb_help_Ferm": 107.27610506076758,
    "Km_Ac_Acetate": 6.758472084578682,
    "Km_Homo_CO2": 534.4650282657593,
    "Km_Homo_H2": 599.2429567522024,
    "Km_Hydro_CO2": 564.5874876703278,
    "Km_Hydro_H2": 352.58455946729407,
    "Km_Fe3_Fe3": 742.7890434364497,
    "Km_Fe3_Acetate": 416.14301650172735,
    "Km_Ferm": 476.72506253827856,
    "Inhibition_Ferm": 7.1826881349518805,
    "Fe3": 160.62891164755231,
    "M_Ac": 0.011932230875679416,
    "CUE_Ferm": 0.13583848140411892,
    "CUE_Fe3": 0.515079286613641,
    "CUE_Ac": 0.04142003819923222,
    "CUE_Homo": 0.568715985302686,
    "CUE_Hydro": 0.33412000535801356
}