{
    "Sensenmann": 8.33e-05,
    "Acetate": 1,
    "temperature": 4.0,
    "C": 2588.983333333333,
    "DOC": 51.779666666666664,
    "pH": 6.44,
    "weight": 9.78,
    "water": 10.0,
    "H2O": 555084.3506179198,
    "M_Fe3": 0.13490680660054072,
    "M_Ferm": 0.4682621167881015,
    "M_Hydro": 0.24339579122846744,
    "M_Homo": 0.28597602672562444,
    "Vmax_help_Ferm": 0.7996119535903634,
    "Vmax_Ferm": 2.5551365187691375,
    "Vmax_Fe3": 1.3344215338144454,
    "Vmax_Homo": 0.44243360525364384,
    "Vmax_Hydro": 0.6371575096333149,
    "Vmax_Ac": 0.07052052655914265,
    "Kmb_help_Ferm": 743.7790096291532,
    "Km_Ac_Acetate": 810.2888412137055,
    "Km_Homo_CO2": 404.2905410557472,
    "Km_Homo_H2": 689.9080549943162,
    "Km_Hydro_CO2": 320.94064125806767,
    "Km_Hydro_H2": 389.24218488796515,
    "Km_Fe3_Fe3": 519.7372901572036,
    "Km_Fe3_Acetate": 309.2973580820205,
    "Km_Ferm": 248.62285448597012,
    "Inhibition_Ferm": 8.304597344836964,
    "Fe3": 221.22345284463714,
    "M_Ac": 0.000530242118782873,
    "CUE_Ferm": 0.3352448022252784,
    "CUE_Fe3": 0.48182426603730905,
    "CUE_Ac": 0.6163051410155793,
    "CUE_Homo": 0.4097922193150746,
    "CUE_Hydro": 0.6931758246605603
}