{
    "Sensenmann": 8.33e-05,
    "Acetate": 1,
    "temperature": 4.0,
    "C": 2546.5533333333337,
    "DOC": 50.93106666666667,
    "pH": 3.95,
    "weight": 11.82,
    "water": 4.0,
    "H2O": 222033.74024716797,
    "M_Fe3": 0.08279760796645429,
    "M_Ferm": 0.3458591574005037,
    "M_Hydro": 0.4976597192353597,
    "M_Homo": 0.09675924444356576,
    "Vmax_help_Ferm": 0.2839523516532241,
    "Vmax_Ferm": 3.3058269365123385,
    "Vmax_Fe3": 2.1409680400739517,
    "Vmax_Homo": 0.49304338308080814,
    "Vmax_Hydro": 0.876867099253028,
    "Vmax_Ac": 0.9081837103985029,
    "Kmb_help_Ferm": 489.2508125728495,
    "Km_help_Ferm": 6537.108358878939,
    "Km_Ac_Acetate": 441.8890634418933,
    "Km_Homo_CO2": 105.45469426780504,
    "Km_Homo_H2": 261.73610975178394,
    "Km_Hydro_CO2": 405.68350618421783,
    "Km_Hydro_H2": 515.3690790269541,
    "Km_Fe3_Fe3": 864.8337322744205,
    "Km_Fe3_Acetate": 838.4630491764714,
    "Km_Ferm": 832.4109238941801,
    "Inhibition_Ferm": 8.436908633946302,
    "Fe3": 127.30808488690423,
    "M_Ac": 0.013962989400101291,
    "CUE_Ferm": 0.24302728521654315,
    "CUE_Fe3": 0.33599157352450104,
    "CUE_Ac": 0.6832816237931446,
    "CUE_Homo": 0.8741321739899405,
    "CUE_Hydro": 0.9068692930005648
}