{
    "Sensenmann": 8.33e-05,
    "Acetate": 1,
    "temperature": 4.0,
    "C": 1943.6888888888889,
    "DOC": 38.873777777777775,
    "pH": 6.37,
    "weight": 8.66,
    "water": 13.0,
    "H2O": 721609.6558032958,
    "M_Fe3": 0.12600506209157897,
    "M_Ferm": 0.421057191626488,
    "M_Hydro": 0.3720060255635612,
    "M_Homo": 0.10079189367401556,
    "Vmax_help_Ferm": 0.34557866719879315,
    "Vmax_Ferm": 3.368578309664656,
    "Vmax_Fe3": 1.5641297530981007,
    "Vmax_Homo": 0.5929598038998101,
    "Vmax_Hydro": 0.4600956518299482,
    "Vmax_Ac": 0.4553328155666646,
    "Kmb_help_Ferm": 771.1484466390037,
    "Km_Ac_Acetate": 30.85113389167063,
    "Km_Homo_CO2": 393.83995944992637,
    "Km_Homo_H2": 466.0019711981079,
    "Km_Hydro_CO2": 107.03119862358551,
    "Km_Hydro_H2": 567.9295782260282,
    "Km_Fe3_Fe3": 628.3141051343134,
    "Km_Fe3_Acetate": 658.6303245618609,
    "Km_Ferm": 694.5167690626517,
    "Inhibition_Ferm": 9.51844305566499,
    "Fe3": 242.5155516483755,
    "M_Ac": 0.010361146300792726,
    "CUE_Ferm": 0.4193444910634285,
    "CUE_Fe3": 0.5944932997980121,
    "CUE_Ac": 0.999555192631964,
    "CUE_Homo": 0.6852909520749472,
    "CUE_Hydro": 0.7495277827614947
}