{
    "Sensenmann": 8.33e-05,
    "Acetate": 1,
    "temperature": 4.0,
    "C": 2740.517777777778,
    "DOC": 54.81035555555556,
    "pH": 7.17,
    "weight": 13.81,
    "water": 6.2,
    "H2O": 344152.29738311033,
    "M_Fe3": 0.2023375256270629,
    "M_Ferm": 0.3807643631929544,
    "M_Hydro": 0.333807632328128,
    "M_Homo": 0.06645452833341504,
    "Vmax_help_Ferm": 0.39231290440882943,
    "Vmax_Ferm": 3.894746647282628,
    "Vmax_Fe3": 0.9008556357813376,
    "Vmax_Homo": 0.6080873041632833,
    "Vmax_Hydro": 0.5723259879636627,
    "Vmax_Ac": 0.7128935087581332,
    "Kmb_help_Ferm": 1494.715605102183,
    "Km_Ac_Acetate": 8.155216229864667,
    "Km_Homo_CO2": 482.09021188885146,
    "Km_Homo_H2": 274.3336444909694,
    "Km_Hydro_CO2": 773.9964608269646,
    "Km_Hydro_H2": 486.9008568093749,
    "Km_Fe3_Fe3": 581.9709952478685,
    "Km_Fe3_Acetate": 751.6438716462663,
    "Km_Ferm": 547.0932668179597,
    "Inhibition_Ferm": 7.08103602122645,
    "Fe3": 180.26428675975058,
    "M_Ac": 0.012908701733467474,
    "CUE_Ferm": 0.0054809715594010015,
    "CUE_Fe3": 0.008636705986415638,
    "CUE_Ac": 0.07558943790505836,
    "CUE_Homo": 0.559933703435158,
    "CUE_Hydro": 0.4933760167645323
}