{
    "Sensenmann": 8.33e-05,
    "Acetate": 1,
    "temperature": 4.0,
    "C": 2740.517777777778,
    "DOC": 54.81035555555556,
    "pH": 7.17,
    "weight": 13.81,
    "water": 6.2,
    "H2O": 344152.29738311033,
    "M_Fe3": 0.3161990600228706,
    "M_Ferm": 0.22269232215783924,
    "M_Hydro": 0.07736719448925702,
    "M_Homo": 0.19583558994326217,
    "Vmax_help_Ferm": 0.577846599857317,
    "Vmax_Ferm": 4.026850304905125,
    "Vmax_Fe3": 0.9252813875884399,
    "Vmax_Homo": 0.40183653441327294,
    "Vmax_Hydro": 0.3511355406507958,
    "Vmax_Ac": 0.5498516518445659,
    "Kmb_help_Ferm": 690.5576156303786,
    "Km_Ac_Acetate": 1.892843012940034,
    "Km_Homo_CO2": 628.295804650521,
    "Km_Homo_H2": 209.63943024348555,
    "Km_Hydro_CO2": 386.5141901301845,
    "Km_Hydro_H2": 392.4810359210566,
    "Km_Fe3_Fe3": 509.46540218592816,
    "Km_Fe3_Acetate": 657.1893981543371,
    "Km_Ferm": 922.2742204616314,
    "Inhibition_Ferm": 14.303837557104039,
    "Fe3": 214.24419965099682,
    "M_Ac": 0.012899264124798901,
    "CUE_Ferm": 0.0003687457671901484,
    "CUE_Fe3": 0.6777155704675168,
    "CUE_Ac": 0.05074140836791921,
    "CUE_Homo": 0.5656174395608256,
    "CUE_Hydro": 0.6616780091151446
}