{
    "Sensenmann": 8.33e-05,
    "Acetate": 1,
    "temperature": 4.0,
    "C": 1093.821333333333,
    "DOC": 21.876426666666664,
    "pH": 6.08,
    "weight": 14.226,
    "water": 6.6,
    "H2O": 366355.6714078271,
    "M_Fe3": 0.2080830227839552,
    "M_Ferm": 0.18587386452595966,
    "M_Hydro": 0.22664276497838257,
    "M_Homo": 0.18207484816762606,
    "Vmax_help_Ferm": 0.6358600373224199,
    "Vmax_Ferm": 2.708025696333989,
    "Vmax_Fe3": 1.9462574892305593,
    "Vmax_Homo": 0.11215641877095861,
    "Vmax_Hydro": 0.49189455717104835,
    "Vmax_Ac": 0.6261773013511149,
    "Kmb_help_Ferm": 14.17061488677005,
    "Km_Ac_Acetate": 11.148149481301866,
    "Km_Homo_CO2": 704.1495965407031,
    "Km_Homo_H2": 487.4860278573757,
    "Km_Hydro_CO2": 555.4383279109451,
    "Km_Hydro_H2": 217.07395718624554,
    "Km_Fe3_Fe3": 567.238946689576,
    "Km_Fe3_Acetate": 155.88576014750274,
    "Km_Ferm": 682.4354338345738,
    "Inhibition_Ferm": 5.997125013019062,
    "Fe3": 175.7207646892336,
    "M_Ac": 0.010447140482433807,
    "CUE_Ferm": 0.41556090178662924,
    "CUE_Fe3": 0.5519042269245052,
    "CUE_Ac": 0.09467504368753812,
    "CUE_Homo": 0.1610817024420447,
    "CUE_Hydro": 0.31988360887368905
}