{
    "Sensenmann": 8.33e-05,
    "Acetate": 1,
    "temperature": 4.0,
    "C": 2588.983333333333,
    "DOC": 51.779666666666664,
    "pH": 6.44,
    "weight": 9.78,
    "water": 10.0,
    "H2O": 555084.3506179198,
    "M_Fe3": 0.20817705750793114,
    "M_Ferm": 0.499503846525227,
    "M_Hydro": 0.33290047809533585,
    "M_Homo": 0.2318354986425319,
    "Vmax_help_Ferm": 0.42743536932819104,
    "Vmax_Ferm": 3.2710596347898564,
    "Vmax_Fe3": 2.3677801645553096,
    "Vmax_Homo": 0.33380207903683284,
    "Vmax_Hydro": 0.522341052740404,
    "Vmax_Ac": 0.24005296746701507,
    "Kmb_help_Ferm": 692.2788132288747,
    "Km_Ac_Acetate": 671.6375072133176,
    "Km_Homo_CO2": 452.97710007490025,
    "Km_Homo_H2": 384.9000638885646,
    "Km_Hydro_CO2": 694.6901120634878,
    "Km_Hydro_H2": 538.8966814618609,
    "Km_Fe3_Fe3": 469.8722001757919,
    "Km_Fe3_Acetate": 599.795686098584,
    "Km_Ferm": 465.16665836799444,
    "Inhibition_Ferm": 10.248916569427347,
    "Fe3": 248.73653698343784,
    "M_Ac": 0.005662795600853116,
    "CUE_Ferm": 0.42065348205410147,
    "CUE_Fe3": 0.24052896682276073,
    "CUE_Ac": 0.5671637748765035,
    "CUE_Homo": 0.4653018998037741,
    "CUE_Hydro": 0.376402075907763
}