{
    "Sensenmann": 8.33e-05,
    "Acetate": 1,
    "temperature": 4.0,
    "C": 2734.618888888889,
    "DOC": 54.692377777777786,
    "pH": 6.94,
    "weight": 13.06,
    "water": 6.5,
    "H2O": 360804.8279016479,
    "M_Fe3": 5.522803252561159e-05,
    "M_Ferm": 0.30480656974135883,
    "M_Hydro": 0.17076291455143286,
    "M_Homo": 0.16707567443035767,
    "Vmax_help_Ferm": 0.5049256113144859,
    "Vmax_Ferm": 0.17459724508597305,
    "Vmax_Fe3": 1.6222234079413784,
    "Vmax_Homo": 0.6179083897469552,
    "Vmax_Hydro": 0.6490778617604407,
    "Vmax_Ac": 0.6808673157325233,
    "Kmb_help_Ferm": 1626.2477303767687,
    "Km_Ac_Acetate": 12.952442096198313,
    "Km_Homo_CO2": 324.56712395969504,
    "Km_Homo_H2": 654.5247885601328,
    "Km_Hydro_CO2": 663.8020600190814,
    "Km_Hydro_H2": 516.1903345804737,
    "Km_Fe3_Fe3": 499.833260871566,
    "Km_Fe3_Acetate": 503.4464416157164,
    "Km_Ferm": 637.1167099730311,
    "Inhibition_Ferm": 15.61245326425993,
    "Fe3": 86.5379014734338,
    "M_Ac": 0.012515806088808317,
    "CUE_Ferm": 0.47070405388324743,
    "CUE_Fe3": 0.44744319698377477,
    "CUE_Ac": 0.12314130806649813,
    "CUE_Homo": 0.48672237165833754,
    "CUE_Hydro": 0.34053502343325204
}