{
    "Sensenmann": 8.33e-05,
    "Acetate": 1,
    "temperature": 4.0,
    "C": 1898.44,
    "DOC": 37.9688,
    "pH": 5.98,
    "weight": 7.44,
    "water": 13.0,
    "H2O": 721609.6558032958,
    "M_Fe3": 0.363971503895391,
    "M_Ferm": 0.2869325894897426,
    "M_Hydro": 0.1904783114213619,
    "M_Homo": 0.11296204835319767,
    "Vmax_help_Ferm": 0.5848863466351875,
    "Vmax_Ferm": 1.7529921218571305,
    "Vmax_Fe3": 0.7185482632449247,
    "Vmax_Homo": 0.5562618848660126,
    "Vmax_Hydro": 0.2071202252775439,
    "Vmax_Ac": 0.5736723569367267,
    "Kmb_help_Ferm": 10.64204795481919,
    "Km_Ac_Acetate": 52.85782338988764,
    "Km_Homo_CO2": 221.93016347343098,
    "Km_Homo_H2": 511.079783500433,
    "Km_Hydro_CO2": 388.4688360592004,
    "Km_Hydro_H2": 772.1112387176536,
    "Km_Fe3_Fe3": 760.9478485133438,
    "Km_Fe3_Acetate": 885.8139531393151,
    "Km_Ferm": 317.1543945942419,
    "Inhibition_Ferm": 5.3102662297195184,
    "Fe3": 76.56973750441757,
    "M_Ac": 0.0083287962327218,
    "CUE_Ferm": 0.32029265221491676,
    "CUE_Fe3": 0.5334057733816109,
    "CUE_Ac": 0.24142409880651128,
    "CUE_Homo": 0.6095248267210512,
    "CUE_Hydro": 0.3577865392132795
}