{
    "Sensenmann": 8.33e-05,
    "Acetate": 1,
    "temperature": 4.0,
    "C": 4037.866666666667,
    "DOC": 80.75733333333334,
    "pH": 5.99,
    "weight": 10.72,
    "water": 12.5,
    "H2O": 693855.4382723998,
    "M_Fe3": 0.06171247741719177,
    "M_Ferm": 0.2703219332791977,
    "M_Hydro": 0.289408072060527,
    "M_Homo": 0.22115063855197112,
    "Vmax_help_Ferm": 0.8022576758036407,
    "Vmax_Ferm": 2.340453288739556,
    "Vmax_Fe3": 0.8014934735192334,
    "Vmax_Homo": 0.913928351391997,
    "Vmax_Hydro": 0.6496777780362156,
    "Vmax_Ac": 0.4881822140480533,
    "Kmb_help_Ferm": 1359.3004998967383,
    "Km_Ac_Acetate": 4.567457338279861,
    "Km_Homo_CO2": 705.0941611841147,
    "Km_Homo_H2": 553.4708869594973,
    "Km_Hydro_CO2": 480.5818504107397,
    "Km_Hydro_H2": 623.1807780935327,
    "Km_Fe3_Fe3": 634.4067972987439,
    "Km_Fe3_Acetate": 521.5728864649587,
    "Km_Ferm": 768.2270381065515,
    "Inhibition_Ferm": 7.924893715996353,
    "Fe3": 6.523136211226358,
    "M_Ac": 0.018523232302259596,
    "CUE_Ferm": 0.4090462610066624,
    "CUE_Fe3": 0.4356916839546796,
    "CUE_Ac": 0.09646675696229745,
    "CUE_Homo": 0.5222609597561116,
    "CUE_Hydro": 0.34122738766128385
}