{
    "Sensenmann": 8.33e-05,
    "Acetate": 1,
    "temperature": 4.0,
    "C": 2740.517777777778,
    "DOC": 54.81035555555556,
    "pH": 7.17,
    "weight": 13.81,
    "water": 6.2,
    "H2O": 344152.29738311033,
    "M_Fe3": 0.11745033630400376,
    "M_Ferm": 0.25743073287859597,
    "M_Hydro": 0.2834281713064625,
    "M_Homo": 0.32342278938016356,
    "Vmax_help_Ferm": 0.4106662208516291,
    "Vmax_Ferm": 2.9720159656607588,
    "Vmax_Fe3": 1.790045092504468,
    "Vmax_Homo": 0.6037845944322153,
    "Vmax_Hydro": 0.08579882005998618,
    "Vmax_Ac": 0.40204490765741885,
    "Kmb_help_Ferm": 876.9511911837171,
    "Km_Ac_Acetate": 22.57460972555686,
    "Km_Homo_CO2": 267.183167448834,
    "Km_Homo_H2": 523.1713039354885,
    "Km_Hydro_CO2": 669.1476733774689,
    "Km_Hydro_H2": 819.2588223985689,
    "Km_Fe3_Fe3": 348.59818080380757,
    "Km_Fe3_Acetate": 499.5450278968771,
    "Km_Ferm": 373.99810390730147,
    "Inhibition_Ferm": 6.900129151606942,
    "Fe3": 178.90848300801045,
    "M_Ac": 0.008957358930386428,
    "CUE_Ferm": 0.0011348845630339,
    "CUE_Fe3": 0.0812579404925314,
    "CUE_Ac": 0.20285112351589107,
    "CUE_Homo": 0.31038951853490626,
    "CUE_Hydro": 0.7421821413255921
}