{
    "Sensenmann": 8.33e-05,
    "Acetate": 1,
    "temperature": 4.0,
    "C": 4993.266666666666,
    "DOC": 99.86533333333333,
    "pH": 4.78,
    "weight": 7.26,
    "water": 12.0,
    "H2O": 666101.2207415039,
    "M_Fe3": 0.2428597610601626,
    "M_Ferm": 0.237533893213408,
    "M_Hydro": 0.3092240248104962,
    "M_Homo": 0.31960777160432824,
    "Vmax_help_Ferm": 0.9508074406506191,
    "Vmax_Ferm": 2.137183307915746,
    "Vmax_Fe3": 1.8990458694858525,
    "Vmax_Homo": 0.4218596716160593,
    "Vmax_Hydro": 0.4937861095776832,
    "Vmax_Ac": 0.890824285657135,
    "Kmb_help_Ferm": 218.55760914817535,
    "Km_help_Ferm": 3016.8710654389274,
    "Km_Ac_Acetate": 192.0555200599059,
    "Km_Homo_CO2": 244.90847407462508,
    "Km_Homo_H2": 792.3674267682525,
    "Km_Hydro_CO2": 305.35230845406136,
    "Km_Hydro_H2": 295.74020035574824,
    "Km_Fe3_Fe3": 648.5056037513895,
    "Km_Fe3_Acetate": 873.969547922125,
    "Km_Ferm": 358.87237023227686,
    "Inhibition_Ferm": 5.689280800399712,
    "Fe3": 53.34832419955987,
    "M_Ac": 0.00022071530767905564,
    "CUE_Ferm": 0.4292480365974021,
    "CUE_Fe3": 0.5308861628653287,
    "CUE_Ac": 0.607684058257917,
    "CUE_Homo": 0.36417244941124527,
    "CUE_Hydro": 0.379417911811314
}