{
    "Sensenmann": 8.33e-05,
    "Acetate": 1,
    "temperature": 4.0,
    "C": 706.9666666666667,
    "DOC": 14.139333333333335,
    "pH": 7.43,
    "weight": 8.35,
    "water": 2.8,
    "H2O": 155423.61817301754,
    "M_Fe3": 0.23681366004767185,
    "M_Ferm": 0.2778331613926518,
    "M_Hydro": 0.25907389371327644,
    "M_Homo": 0.16191709976583393,
    "Vmax_help_Ferm": 0.5049638187843308,
    "Vmax_Ferm": 2.43930180706047,
    "Vmax_Fe3": 2.0258681157463196,
    "Vmax_Homo": 0.5442686530086316,
    "Vmax_Hydro": 0.3637011211655962,
    "Vmax_Ac": 0.6689219185293888,
    "Kmb_help_Ferm": 1327.0327166990621,
    "Km_Ac_Acetate": 486.73028769642514,
    "Km_Homo_CO2": 390.6020752627272,
    "Km_Homo_H2": 369.9818974000019,
    "Km_Hydro_CO2": 480.0931446170778,
    "Km_Hydro_H2": 467.86618386724706,
    "Km_Fe3_Fe3": 426.16637076844665,
    "Km_Fe3_Acetate": 446.48089359168546,
    "Km_Ferm": 377.4682678690692,
    "Inhibition_Ferm": 9.116931196805378,
    "Fe3": 278.17075776683436,
    "M_Ac": 0.009580368853940414,
    "CUE_Ferm": 0.13799059070865832,
    "CUE_Fe3": 0.002212222400929926,
    "CUE_Ac": 0.4179507115558652,
    "CUE_Homo": 0.5039205376458442,
    "CUE_Hydro": 0.7922662596041478
}