{
    "M_Fe3": 0.2,
    "M_Ferm": 0.02,
    "M_Hydro": 0.0025,
    "M_Homo": 0.0001,
    "Sensenmann": 8.33e-05,
    "Acetate": 1,
    "temperature": 4.0,
    "C": 2546.5533333333337,
    "DOC": 50.93106666666667,
    "pH": 3.95,
    "weight": 11.82,
    "water": 4.0,
    "H2O": 222033.74024716797,
    "Vmax_help_Ferm": 0.975659116299105,
    "Vmax_Ferm": 3.1916613793180213,
    "Vmax_Fe3": 1.1438909947741387,
    "Vmax_Homo": 0.5869376138204282,
    "Vmax_Hydro": 0.4992394661533131,
    "Vmax_Ac": 0.8217971057273207,
    "Kmb_help_Ferm": 280.84471869742384,
    "Km_help_Ferm": 3774.5429130111897,
    "Km_Ac_Acetate": 92.80578288306704,
    "Km_Homo_CO2": 729.3485688165342,
    "Km_Homo_H2": 671.5433625825225,
    "Km_Hydro_CO2": 227.13150235146568,
    "Km_Hydro_H2": 509.1560407007633,
    "Km_Fe3_Fe3": 609.3122462745595,
    "Km_Fe3_Acetate": 653.2042156763249,
    "Km_Ferm": 749.2149773075975,
    "Inhibition_Ferm": 12.565631357591586,
    "Fe3": 94.97723574674133,
    "M_Ac": 0.009694506706604775,
    "CUE_Ferm": 0.28187204250406056,
    "CUE_Fe3": 0.41790342334010877,
    "CUE_Ac": 0.23559782811260901,
    "CUE_Homo": 0.6002506062269214,
    "CUE_Hydro": 0.44235187180814195
}