{
    "Sensenmann": 8.33e-05,
    "Acetate": 1,
    "temperature": 4.0,
    "C": 588.3844444444444,
    "DOC": 11.767688888888888,
    "pH": 6.15,
    "weight": 17.77,
    "water": 4.6,
    "H2O": 255338.80128424312,
    "M_Fe3": 0.19122897560394148,
    "M_Ferm": 0.021075983924769507,
    "M_Hydro": 0.3017178340655459,
    "M_Homo": 0.35992968716963397,
    "Vmax_help_Ferm": 0.5069539011203217,
    "Vmax_Ferm": 2.3266723429253493,
    "Vmax_Fe3": 1.622173850898638,
    "Vmax_Homo": 0.44597269758567454,
    "Vmax_Hydro": 0.42316069933609485,
    "Vmax_Ac": 0.43705170426434686,
    "Kmb_help_Ferm": 1456.4100454678835,
    "Km_Ac_Acetate": 3.9812400655572033,
    "Km_Homo_CO2": 712.2633994310579,
    "Km_Homo_H2": 788.5518839155003,
    "Km_Hydro_CO2": 543.0728682558776,
    "Km_Hydro_H2": 362.9483538466182,
    "Km_Fe3_Fe3": 568.726416719988,
    "Km_Fe3_Acetate": 202.19595337598332,
    "Km_Ferm": 307.1987565554849,
    "Inhibition_Ferm": 13.947905029098584,
    "Fe3": 57.58420930289435,
    "M_Ac": 0.008522859276938436,
    "CUE_Ferm": 5.260813546881238e-05,
    "CUE_Fe3": 0.7871786973013987,
    "CUE_Ac": 0.034928623226177034,
    "CUE_Homo": 0.30386647404216643,
    "CUE_Hydro": 0.4065035345185329
}