{
    "Sensenmann": 8.33e-05,
    "Acetate": 1,
    "temperature": 4.0,
    "C": 1898.44,
    "DOC": 37.9688,
    "pH": 5.98,
    "weight": 7.44,
    "water": 13.0,
    "H2O": 721609.6558032958,
    "M_Fe3": 0.3044412116026718,
    "M_Ferm": 0.251772465621289,
    "M_Hydro": 0.2128343216955913,
    "M_Homo": 0.12940390155041373,
    "Vmax_help_Ferm": 0.6435908673378425,
    "Vmax_Ferm": 2.501133274610625,
    "Vmax_Fe3": 0.5809968544916373,
    "Vmax_Homo": 0.7451543920798971,
    "Vmax_Hydro": 0.7161427700693143,
    "Vmax_Ac": 0.6854428549278526,
    "Kmb_help_Ferm": 1349.048032991674,
    "Km_Ac_Acetate": 664.9466231371756,
    "Km_Homo_CO2": 714.7305622627339,
    "Km_Homo_H2": 702.8586923114026,
    "Km_Hydro_CO2": 576.4893870198607,
    "Km_Hydro_H2": 505.45496592325037,
    "Km_Fe3_Fe3": 291.2563494089647,
    "Km_Fe3_Acetate": 18.129071912387285,
    "Km_Ferm": 292.5168669057556,
    "Inhibition_Ferm": 14.453478662106146,
    "Fe3": 227.3549672848007,
    "M_Ac": 0.008703035718539915,
    "CUE_Ferm": 0.34771107050449257,
    "CUE_Fe3": 0.9999328095748623,
    "CUE_Ac": 0.6115156598580999,
    "CUE_Homo": 0.17227565678798726,
    "CUE_Hydro": 0.23132292568761842
}