{
    "Sensenmann": 8.33e-05,
    "Acetate": 1,
    "temperature": 4.0,
    "C": 4075.4000000000005,
    "DOC": 81.50800000000001,
    "pH": 7.05,
    "weight": 12.3,
    "water": 9.9,
    "H2O": 549533.5071117406,
    "M_Fe3": 1.535904876653893e-05,
    "M_Ferm": 0.3077426156373396,
    "M_Hydro": 0.23350651015208101,
    "M_Homo": 0.2828156882511925,
    "Vmax_help_Ferm": 0.534603515769811,
    "Vmax_Ferm": 2.5043539073611205,
    "Vmax_Fe3": 1.2492303066399977,
    "Vmax_Homo": 0.6708822815898396,
    "Vmax_Hydro": 0.3076670023000059,
    "Vmax_Ac": 0.829630470536209,
    "Kmb_help_Ferm": 497.1625307374217,
    "Km_Ac_Acetate": 9.383412351407141,
    "Km_Homo_CO2": 594.4792408741016,
    "Km_Homo_H2": 220.85035568427074,
    "Km_Hydro_CO2": 627.6886787435703,
    "Km_Hydro_H2": 615.1355459121189,
    "Km_Fe3_Fe3": 658.8476418166588,
    "Km_Fe3_Acetate": 553.0886059384259,
    "Km_Ferm": 210.6645505683437,
    "Inhibition_Ferm": 6.728973513681274,
    "Fe3": 270.96686531121725,
    "M_Ac": 0.007812614330850332,
    "CUE_Ferm": 0.5141255171324991,
    "CUE_Fe3": 0.7701099646996946,
    "CUE_Ac": 0.09227049825082911,
    "CUE_Homo": 0.531331726505313,
    "CUE_Hydro": 0.6428907133178996
}