{
    "Sensenmann": 8.33e-05,
    "Acetate": 1,
    "temperature": 4.0,
    "C": 2414.1933333333336,
    "DOC": 48.283866666666675,
    "pH": 5.77,
    "weight": 9.96,
    "water": 11.5,
    "H2O": 638347.0032106079,
    "M_Fe3": 0.01939128611549884,
    "M_Ferm": 0.20007777769413868,
    "M_Hydro": 0.14127279156219574,
    "M_Homo": 0.15620626058258302,
    "Vmax_help_Ferm": 0.5926271590181749,
    "Vmax_Ferm": 4.317502108814348,
    "Vmax_Fe3": 1.973194382695536,
    "Vmax_Homo": 0.5637970791193426,
    "Vmax_Hydro": 0.46970872335812075,
    "Vmax_Ac": 0.5839850481980627,
    "Kmb_help_Ferm": 954.4945641714615,
    "Km_Ac_Acetate": 6.540673285138023,
    "Km_Homo_CO2": 368.9313851241045,
    "Km_Homo_H2": 485.77135996111076,
    "Km_Hydro_CO2": 461.8719426356374,
    "Km_Hydro_H2": 509.67391095175384,
    "Km_Fe3_Fe3": 921.4565447688553,
    "Km_Fe3_Acetate": 528.1278605215665,
    "Km_Ferm": 555.5222735119406,
    "Inhibition_Ferm": 11.357674533306428,
    "Fe3": 214.69900566083166,
    "M_Ac": 0.011011724354021356,
    "CUE_Ferm": 0.004062946000866985,
    "CUE_Fe3": 0.4582108541733212,
    "CUE_Ac": 0.1556758647074315,
    "CUE_Homo": 0.4276214257124844,
    "CUE_Hydro": 0.4798030407643025
}