{
    "Sensenmann": 8.33e-05,
    "Acetate": 1,
    "temperature": 4.0,
    "C": 588.3844444444444,
    "DOC": 11.767688888888888,
    "pH": 6.15,
    "weight": 17.77,
    "water": 4.6,
    "H2O": 255338.80128424312,
    "M_Fe3": 0.008838945384548692,
    "M_Ferm": 0.30263394898837503,
    "M_Hydro": 0.188561067269706,
    "M_Homo": 0.30856796166194855,
    "Vmax_help_Ferm": 0.10430166612248892,
    "Vmax_Ferm": 3.1578750315869217,
    "Vmax_Fe3": 2.455954596514098,
    "Vmax_Homo": 0.978449872239208,
    "Vmax_Hydro": 0.651140981987457,
    "Vmax_Ac": 0.6948035463309389,
    "Kmb_help_Ferm": 1048.701207300505,
    "Km_Ac_Acetate": 67.25707388625301,
    "Km_Homo_CO2": 621.9807778750708,
    "Km_Homo_H2": 383.34421187491085,
    "Km_Hydro_CO2": 428.69164322008214,
    "Km_Hydro_H2": 661.7040084407716,
    "Km_Fe3_Fe3": 256.80759229234087,
    "Km_Fe3_Acetate": 484.93882191162203,
    "Km_Ferm": 0.7936188923764693,
    "Inhibition_Ferm": 15.650029344364821,
    "Fe3": 57.28098948926843,
    "M_Ac": 0.003394235228330246,
    "CUE_Ferm": 0.4882601040176221,
    "CUE_Fe3": 0.2521531272247157,
    "CUE_Ac": 0.30800464223982194,
    "CUE_Homo": 0.017220999556806005,
    "CUE_Hydro": 0.34767069988824567
}