{
    "Sensenmann": 8.33e-05,
    "Acetate": 1,
    "temperature": 4.0,
    "C": 2740.517777777778,
    "DOC": 54.81035555555556,
    "pH": 7.17,
    "weight": 13.81,
    "water": 6.2,
    "H2O": 344152.29738311033,
    "M_Fe3": 0.06117828139358704,
    "M_Ferm": 0.14400078085358928,
    "M_Hydro": 0.1010249121101746,
    "M_Homo": 0.33185373546795477,
    "Vmax_help_Ferm": 0.6401824429776642,
    "Vmax_Ferm": 1.7136875763037354,
    "Vmax_Fe3": 1.369705769425762,
    "Vmax_Homo": 0.2988722949839109,
    "Vmax_Hydro": 0.5452467325567754,
    "Vmax_Ac": 0.47167062747647015,
    "Kmb_help_Ferm": 14.366634790093839,
    "Km_Ac_Acetate": 11.231122758413221,
    "Km_Homo_CO2": 515.7677465206036,
    "Km_Homo_H2": 175.31559081396827,
    "Km_Hydro_CO2": 171.49898471922862,
    "Km_Hydro_H2": 382.7738833424811,
    "Km_Fe3_Fe3": 552.1191898126411,
    "Km_Fe3_Acetate": 845.93133624049,
    "Km_Ferm": 123.08729402650759,
    "Inhibition_Ferm": 10.208965969672555,
    "Fe3": 133.85337781523987,
    "M_Ac": 0.012063077605563424,
    "CUE_Ferm": 0.24014968805028203,
    "CUE_Fe3": 0.4210192298845227,
    "CUE_Ac": 0.15842353522111063,
    "CUE_Homo": 0.9826201748457083,
    "CUE_Hydro": 0.5451513570712186
}