{
    "Sensenmann": 8.33e-05,
    "Acetate": 1,
    "temperature": 4.0,
    "C": 2740.517777777778,
    "DOC": 54.81035555555556,
    "pH": 7.17,
    "weight": 13.81,
    "water": 6.2,
    "H2O": 344152.29738311033,
    "M_Fe3": 0.15446690297378454,
    "M_Ferm": 0.26022333621066734,
    "M_Hydro": 0.04311965841172709,
    "M_Homo": 0.17778379554557425,
    "Vmax_help_Ferm": 0.9263619692453663,
    "Vmax_Ferm": 2.055810498365225,
    "Vmax_Fe3": 0.6277124879984626,
    "Vmax_Homo": 0.48633074092900447,
    "Vmax_Hydro": 0.3723306478273601,
    "Vmax_Ac": 0.9630186761432312,
    "Kmb_help_Ferm": 1940.8064786551186,
    "Km_Ac_Acetate": 69.07117214701125,
    "Km_Homo_CO2": 529.2725384894438,
    "Km_Homo_H2": 877.9915185758615,
    "Km_Hydro_CO2": 532.9602044764367,
    "Km_Hydro_H2": 872.703390957464,
    "Km_Fe3_Fe3": 349.2359485692313,
    "Km_Fe3_Acetate": 376.68133683088047,
    "Km_Ferm": 297.45976180800216,
    "Inhibition_Ferm": 12.42081146865013,
    "Fe3": 148.22358163444858,
    "M_Ac": 0.0018869364838678074,
    "CUE_Ferm": 0.1678617519314468,
    "CUE_Fe3": 0.5183997727890665,
    "CUE_Ac": 0.1976701914948451,
    "CUE_Homo": 0.3400306852471223,
    "CUE_Hydro": 0.556172865322519
}