{
    "Sensenmann": 8.33e-05,
    "Acetate": 1,
    "temperature": 4.0,
    "C": 5118.345,
    "DOC": 102.3669,
    "pH": 7.12,
    "weight": 9.63,
    "water": 8.63,
    "H2O": 479037.7945832649,
    "M_Fe3": 0.42288682329919786,
    "M_Ferm": 0.15374789813945106,
    "M_Hydro": 0.1418763795387626,
    "M_Homo": 0.1418671822016011,
    "Vmax_help_Ferm": 0.863114120259947,
    "Vmax_Ferm": 2.4880526533967315,
    "Vmax_Fe3": 1.4214666500861015,
    "Vmax_Homo": 0.29124278533903464,
    "Vmax_Hydro": 0.45461120096126484,
    "Vmax_Ac": 0.24994710281604265,
    "Kmb_help_Ferm": 1172.6925027625493,
    "Km_Ac_Acetate": 340.64925909373295,
    "Km_Homo_CO2": 405.1091159667866,
    "Km_Homo_H2": 206.1898018309363,
    "Km_Hydro_CO2": 474.014283084099,
    "Km_Hydro_H2": 149.10666966097068,
    "Km_Fe3_Fe3": 74.73222723120874,
    "Km_Fe3_Acetate": 20.601694471787503,
    "Km_Ferm": 0.10089060885570689,
    "Inhibition_Ferm": 12.497458954311925,
    "Fe3": 298.68360950877826,
    "M_Ac": 0.004967940068163604,
    "CUE_Ferm": 0.1459587288812919,
    "CUE_Fe3": 0.3032111425191064,
    "CUE_Ac": 0.6354388754472045,
    "CUE_Homo": 0.05611260763539638,
    "CUE_Hydro": 0.9736037964862444
}