{
    "Sensenmann": 8.33e-05,
    "Acetate": 1,
    "temperature": 4.0,
    "C": 492.69388888888886,
    "DOC": 9.853877777777777,
    "pH": 6.75,
    "weight": 15.37,
    "water": 3.55,
    "H2O": 197054.94446936157,
    "M_Fe3": 0.18915359810095916,
    "M_Ferm": 0.14548031975785217,
    "M_Hydro": 0.2654103856656142,
    "M_Homo": 0.295750195304504,
    "Vmax_help_Ferm": 0.5450466272186799,
    "Vmax_Ferm": 2.3475321412957193,
    "Vmax_Fe3": 1.8316126755104818,
    "Vmax_Homo": 0.4588093426503036,
    "Vmax_Hydro": 0.5904008428904235,
    "Vmax_Ac": 0.9375372539257522,
    "Kmb_help_Ferm": 596.0641423924928,
    "Km_Ac_Acetate": 158.1711009501599,
    "Km_Homo_CO2": 576.5124365724525,
    "Km_Homo_H2": 458.22336624619953,
    "Km_Hydro_CO2": 524.9700242765405,
    "Km_Hydro_H2": 695.0351938676038,
    "Km_Fe3_Fe3": 477.3966997891082,
    "Km_Fe3_Acetate": 783.8339535712266,
    "Km_Ferm": 457.4507847892616,
    "Inhibition_Ferm": 12.80986468707752,
    "Fe3": 168.49458458828153,
    "M_Ac": 0.009775543391401992,
    "CUE_Ferm": 0.18636351872133042,
    "CUE_Fe3": 0.03849842742454368,
    "CUE_Ac": 0.5860488589739109,
    "CUE_Homo": 0.5030057754199683,
    "CUE_Hydro": 0.4288954752280954
}