{
    "Sensenmann": 8.33e-05,
    "Acetate": 1,
    "temperature": 4.0,
    "C": 2414.1933333333336,
    "DOC": 48.283866666666675,
    "pH": 5.77,
    "weight": 9.96,
    "water": 11.5,
    "H2O": 638347.0032106079,
    "M_Fe3": 0.14988381193060582,
    "M_Ferm": 0.37024389048388195,
    "M_Hydro": 0.1690927484762225,
    "M_Homo": 0.36159634080759745,
    "Vmax_help_Ferm": 0.6619972527011191,
    "Vmax_Ferm": 2.381901245380337,
    "Vmax_Fe3": 0.623934025864272,
    "Vmax_Homo": 0.49664841031478113,
    "Vmax_Hydro": 0.4715123397097905,
    "Vmax_Ac": 0.7962127809681877,
    "Kmb_help_Ferm": 23.945210493024206,
    "Km_Ac_Acetate": 17.05962120393718,
    "Km_Homo_CO2": 370.2898119931078,
    "Km_Homo_H2": 672.1820990009492,
    "Km_Hydro_CO2": 331.6136952425158,
    "Km_Hydro_H2": 586.6365933436839,
    "Km_Fe3_Fe3": 467.4488430450403,
    "Km_Fe3_Acetate": 540.0557303927575,
    "Km_Ferm": 634.9507152336821,
    "Inhibition_Ferm": 10.994516610445448,
    "Fe3": 171.63976311933686,
    "M_Ac": 0.019855844263257177,
    "CUE_Ferm": 0.3935996576772014,
    "CUE_Fe3": 0.3505333036152969,
    "CUE_Ac": 0.23905714796116734,
    "CUE_Homo": 0.5685156086179386,
    "CUE_Hydro": 0.5301207037284263
}