{
    "Sensenmann": 8.33e-05,
    "Acetate": 1,
    "temperature": 4.0,
    "C": 724.3888888888889,
    "DOC": 14.48777777777778,
    "pH": 5.95,
    "weight": 17.0,
    "water": 4.0,
    "H2O": 222033.74024716797,
    "M_Fe3": 0.3088385703498266,
    "M_Ferm": 0.3936098823572398,
    "M_Hydro": 0.17863941164928865,
    "M_Homo": 0.13367610438719932,
    "Vmax_help_Ferm": 0.3867710393062096,
    "Vmax_Ferm": 3.816181352164175,
    "Vmax_Fe3": 1.3781639817679212,
    "Vmax_Homo": 0.24536246459551672,
    "Vmax_Hydro": 0.3755564999114299,
    "Vmax_Ac": 0.9250098939631263,
    "Kmb_help_Ferm": 9.334687542581833,
    "Km_Ac_Acetate": 7.028996943564284,
    "Km_Homo_CO2": 610.9929094867709,
    "Km_Homo_H2": 726.5997004416554,
    "Km_Hydro_CO2": 247.31544954958179,
    "Km_Hydro_H2": 583.8860900767565,
    "Km_Fe3_Fe3": 491.94039671599666,
    "Km_Fe3_Acetate": 420.95448186766896,
    "Km_Ferm": 772.4268233778886,
    "Inhibition_Ferm": 6.183637661315428,
    "Fe3": 121.17880998389747,
    "M_Ac": 0.013687029752664242,
    "CUE_Ferm": 0.21873726138789906,
    "CUE_Fe3": 0.3761302569199064,
    "CUE_Ac": 0.11843723088972605,
    "CUE_Homo": 0.30243971321014074,
    "CUE_Hydro": 0.6394392145733604
}