{
    "Sensenmann": 8.33e-05,
    "Acetate": 1,
    "temperature": 4.0,
    "C": 4037.866666666667,
    "DOC": 80.75733333333334,
    "pH": 5.99,
    "weight": 10.72,
    "water": 12.5,
    "H2O": 693855.4382723998,
    "M_Fe3": 0.19202085477029546,
    "M_Ferm": 0.1623041988842901,
    "M_Hydro": 0.1854852490957512,
    "M_Homo": 0.44697757297287166,
    "Vmax_help_Ferm": 0.7009025326092824,
    "Vmax_Ferm": 1.8371566569455329,
    "Vmax_Fe3": 0.004289068025016718,
    "Vmax_Homo": 0.6621999981927588,
    "Vmax_Hydro": 0.3200036717639407,
    "Vmax_Ac": 0.6542817195803244,
    "Kmb_help_Ferm": 1505.8707020399816,
    "Km_Ac_Acetate": 10.305912961265678,
    "Km_Homo_CO2": 688.4300984356698,
    "Km_Homo_H2": 236.12363255185122,
    "Km_Hydro_CO2": 704.6153120012608,
    "Km_Hydro_H2": 410.590301759868,
    "Km_Fe3_Fe3": 418.8807210767004,
    "Km_Fe3_Acetate": 289.1134021941456,
    "Km_Ferm": 401.0033056513983,
    "Inhibition_Ferm": 10.259056116123801,
    "Fe3": 66.77978523342792,
    "M_Ac": 0.01597411791231229,
    "CUE_Ferm": 0.49363200373006666,
    "CUE_Fe3": 0.723291668076285,
    "CUE_Ac": 0.10033505042314046,
    "CUE_Homo": 0.25893714874670437,
    "CUE_Hydro": 0.7044653244575751
}