{
    "Sensenmann": 8.33e-05,
    "Acetate": 1,
    "temperature": 4.0,
    "C": 1505.1116666666665,
    "DOC": 30.10223333333333,
    "pH": 7.57,
    "weight": 15.49,
    "water": 4.5,
    "H2O": 249787.95777806395,
    "M_Fe3": 0.01721268131787518,
    "M_Ferm": 0.284324989006552,
    "M_Hydro": 0.27593407091826744,
    "M_Homo": 0.19253943438531324,
    "Vmax_help_Ferm": 0.3906998079694396,
    "Vmax_Ferm": 2.5915730434313873,
    "Vmax_Fe3": 2.3184471159454128,
    "Vmax_Homo": 0.20135873775995455,
    "Vmax_Hydro": 0.5013712001555647,
    "Vmax_Ac": 0.6602782694677458,
    "Kmb_help_Ferm": 1287.4260821916337,
    "Km_Ac_Acetate": 694.1972743185971,
    "Km_Homo_CO2": 481.89894357205554,
    "Km_Homo_H2": 365.89798267828485,
    "Km_Hydro_CO2": 712.7809990478696,
    "Km_Hydro_H2": 466.80675073274585,
    "Km_Fe3_Fe3": 430.6840253802447,
    "Km_Fe3_Acetate": 474.4908914799353,
    "Km_Ferm": 535.5183576046297,
    "Inhibition_Ferm": 1.8231568840587586,
    "Fe3": 171.4970405902389,
    "M_Ac": 0.010859876211270521,
    "CUE_Ferm": 0.05558099081643486,
    "CUE_Fe3": 0.8597428691342893,
    "CUE_Ac": 0.662308646730781,
    "CUE_Homo": 0.32584548070937724,
    "CUE_Hydro": 0.46244979562109334
}