{
    "Sensenmann": 8.33e-05,
    "Acetate": 1,
    "temperature": 4.0,
    "C": 2588.983333333333,
    "DOC": 51.779666666666664,
    "pH": 6.44,
    "weight": 9.78,
    "water": 10.0,
    "H2O": 555084.3506179198,
    "M_Fe3": 0.0338944590676315,
    "M_Ferm": 0.11241939992723272,
    "M_Hydro": 0.273706364915448,
    "M_Homo": 0.13369590216838448,
    "Vmax_help_Ferm": 0.3949515859160585,
    "Vmax_Ferm": 1.4935922795743366,
    "Vmax_Fe3": 1.297199645544225,
    "Vmax_Homo": 0.5993659810211199,
    "Vmax_Hydro": 0.3948408197057996,
    "Vmax_Ac": 0.3607894084947731,
    "Kmb_help_Ferm": 614.0918616253734,
    "Km_Ac_Acetate": 522.34482912189,
    "Km_Homo_CO2": 587.2659698370337,
    "Km_Homo_H2": 503.59252352202344,
    "Km_Hydro_CO2": 780.529998620896,
    "Km_Hydro_H2": 447.7657742544942,
    "Km_Fe3_Fe3": 243.94465558339246,
    "Km_Fe3_Acetate": 277.156093884803,
    "Km_Ferm": 596.0486767810584,
    "Inhibition_Ferm": 10.21232200599903,
    "Fe3": 70.82495053639197,
    "M_Ac": 0.00221270703298223,
    "CUE_Ferm": 0.02269625890258246,
    "CUE_Fe3": 0.698904852231068,
    "CUE_Ac": 0.40389406377733844,
    "CUE_Homo": 0.5878297730718253,
    "CUE_Hydro": 0.5079407980744454
}