{
    "Sensenmann": 8.33e-05,
    "Acetate": 1,
    "temperature": 4.0,
    "C": 1876.5166666666667,
    "DOC": 37.53033333333333,
    "pH": 6.74,
    "weight": 17.9,
    "water": 2.5,
    "H2O": 138771.08765447995,
    "M_Fe3": 0.37233687452081293,
    "M_Ferm": 0.3173037407568429,
    "M_Hydro": 0.25711442341915575,
    "M_Homo": 0.10215393939743968,
    "Vmax_help_Ferm": 0.8744853182773741,
    "Vmax_Ferm": 1.8907844876826592,
    "Vmax_Fe3": 2.6949813654657273,
    "Vmax_Homo": 0.24650931880315535,
    "Vmax_Hydro": 0.9152792624047922,
    "Vmax_Ac": 0.1302058901184894,
    "Kmb_help_Ferm": 547.9077010733406,
    "Km_Ac_Acetate": 27.13086676850236,
    "Km_Homo_CO2": 133.58438785679706,
    "Km_Homo_H2": 643.6971217734919,
    "Km_Hydro_CO2": 712.8758069816367,
    "Km_Hydro_H2": 752.4951404675817,
    "Km_Fe3_Fe3": 814.7560491239435,
    "Km_Fe3_Acetate": 93.38190160451848,
    "Km_Ferm": 245.1696160731534,
    "Inhibition_Ferm": 4.986269099499618,
    "Fe3": 1.5137009698876547,
    "M_Ac": 0.012275346900082853,
    "CUE_Ferm": 0.6245286792585313,
    "CUE_Fe3": 0.3347575956011153,
    "CUE_Ac": 0.645357296700741,
    "CUE_Homo": 0.7142576766060412,
    "CUE_Hydro": 0.765703314856348
}