{
    "Sensenmann": 8.33e-05,
    "Acetate": 1,
    "temperature": 4.0,
    "C": 2414.1933333333336,
    "DOC": 48.283866666666675,
    "pH": 5.77,
    "weight": 9.96,
    "water": 11.5,
    "H2O": 638347.0032106079,
    "M_Fe3": 0.1651661618543281,
    "M_Ferm": 0.21905206325472307,
    "M_Hydro": 0.2051931018390133,
    "M_Homo": 0.18808317251572898,
    "Vmax_help_Ferm": 0.42290884614567187,
    "Vmax_Ferm": 0.9911212847903411,
    "Vmax_Fe3": 0.6178676422628533,
    "Vmax_Homo": 0.24227021669351656,
    "Vmax_Hydro": 0.7177654515920935,
    "Vmax_Ac": 0.5414068532185035,
    "Kmb_help_Ferm": 1401.8890907485447,
    "Km_Ac_Acetate": 8.661482517164586,
    "Km_Homo_CO2": 406.56657829641586,
    "Km_Homo_H2": 490.78398670558636,
    "Km_Hydro_CO2": 833.463771439936,
    "Km_Hydro_H2": 469.2673197445295,
    "Km_Fe3_Fe3": 667.0756925220663,
    "Km_Fe3_Acetate": 244.90211474973466,
    "Km_Ferm": 345.3376274580949,
    "Inhibition_Ferm": 12.915732118759907,
    "Fe3": 117.99087147085083,
    "M_Ac": 0.011537960801169263,
    "CUE_Ferm": 0.32248264548435646,
    "CUE_Fe3": 0.3738758261097153,
    "CUE_Ac": 0.9966920277686873,
    "CUE_Homo": 0.9105248532262408,
    "CUE_Hydro": 0.4501900104290948
}