{
    "Sensenmann": 8.33e-05,
    "Acetate": 1,
    "temperature": 4.0,
    "C": 1551.911111111111,
    "DOC": 31.03822222222222,
    "pH": 6.57,
    "weight": 8.84,
    "water": 8.2,
    "H2O": 455169.16750669427,
    "M_Fe3": 0.2679051056488733,
    "M_Ferm": 0.25371212946639765,
    "M_Hydro": 0.39811561249895033,
    "M_Homo": 0.27452991062680404,
    "Vmax_help_Ferm": 0.35526731639246506,
    "Vmax_Ferm": 2.71469554315765,
    "Vmax_Fe3": 0.16218350697624118,
    "Vmax_Homo": 0.3076736823533775,
    "Vmax_Hydro": 0.6960557731092926,
    "Vmax_Ac": 0.7816897996152901,
    "Kmb_help_Ferm": 549.3142149202063,
    "Km_Ac_Acetate": 11.172113096292662,
    "Km_Homo_CO2": 174.59009680813818,
    "Km_Homo_H2": 383.7496390290997,
    "Km_Hydro_CO2": 64.33807034950908,
    "Km_Hydro_H2": 441.14878273320915,
    "Km_Fe3_Fe3": 632.555231490007,
    "Km_Fe3_Acetate": 474.4455431014264,
    "Km_Ferm": 141.0028328351254,
    "Inhibition_Ferm": 15.550491469673247,
    "Fe3": 56.48864923395471,
    "M_Ac": 0.006956136454640612,
    "CUE_Ferm": 0.24382099447214678,
    "CUE_Fe3": 0.32326180802931176,
    "CUE_Ac": 0.10478610230606795,
    "CUE_Homo": 0.3504953997455353,
    "CUE_Hydro": 0.30256585513085416
}