{
    "Sensenmann": 8.33e-05,
    "Acetate": 1,
    "temperature": 4.0,
    "C": 4993.266666666666,
    "DOC": 99.86533333333333,
    "pH": 4.78,
    "weight": 7.26,
    "water": 12.0,
    "H2O": 666101.2207415039,
    "M_Fe3": 0.05563813818694946,
    "M_Ferm": 0.19945117738670923,
    "M_Hydro": 0.2290580924007997,
    "M_Homo": 0.2681950216851401,
    "Vmax_help_Ferm": 0.6355034829016049,
    "Vmax_Ferm": 2.446200561526886,
    "Vmax_Fe3": 1.2559536693175706,
    "Vmax_Homo": 0.36630114634413835,
    "Vmax_Hydro": 0.8237261296636431,
    "Vmax_Ac": 0.8603268158763847,
    "Kmb_help_Ferm": 25.39839191346376,
    "Km_Ac_Acetate": 121.50950097821148,
    "Km_Homo_CO2": 365.48451414535253,
    "Km_Homo_H2": 217.08782060454587,
    "Km_Hydro_CO2": 314.2614752698955,
    "Km_Hydro_H2": 154.45468741834623,
    "Km_Fe3_Fe3": 374.37149462455386,
    "Km_Fe3_Acetate": 350.52843599387216,
    "Km_Ferm": 438.6497933435762,
    "Inhibition_Ferm": 9.63524474969599,
    "Fe3": 187.97864265979933,
    "M_Ac": 0.0005705581913664041,
    "CUE_Ferm": 0.4157158222365703,
    "CUE_Fe3": 0.3386280262066561,
    "CUE_Ac": 0.48834317873466804,
    "CUE_Homo": 0.7465982841883196,
    "CUE_Hydro": 0.45239716046556516
}