{
    "M_Fe3": 0.2,
    "M_Ferm": 0.02,
    "M_Hydro": 0.0025,
    "M_Homo": 0.0001,
    "Sensenmann": 8.33e-05,
    "Km_help_Ferm": 7692.307692307692,
    "Km_Ac_Acetate": 0.15384615384615385,
    "Km_Homo_CO2": 0.0003846153846153846,
    "Km_Homo_H2": 7.692307692307693e-05,
    "Km_Hydro_CO2": 0.003846153846153846,
    "Km_Hydro_H2": 0.0007692307692307692,
    "Km_Fe3_Fe3": 1.5384615384615383,
    "Km_Fe3_Acetate": 0.007692307692307692,
    "Km_Ferm": 76.92307692307692,
    "Acetate": 1,
    "temperature": 4.0,
    "C": 1753.4722222222222,
    "DOC": 35.06944444444444,
    "pH": 7.9,
    "weight": 12.5,
    "water": 7.5,
    "Vmax_help_Ferm": 0.05338542440961594,
    "Vmax_Ferm": 0.4994669154034381,
    "Vmax_Fe3": 2.2523766702973904,
    "Vmax_Homo": 0.43112446309560554,
    "Vmax_Hydro": 0.5936345217022864,
    "Vmax_Ac": 0.5253489896013267,
    "Kmb_help_Ferm": 12.898705172278772,
    "Inhibition_Ferm": 16.37136725494714,
    "Fe3": 29.96360986586172,
    "M_Ac": 0.007795136979730726,
    "CUE_Ferm": 0.04968342016651257,
    "CUE_Fe3": 0.06365868435734777,
    "CUE_Ac": 0.040231067189718,
    "CUE_Homo": 0.04488221225794636,
    "CUE_Hydro": 0.04925959100229617
}