{
    "Sensenmann": 8.33e-05,
    "Acetate": 1,
    "temperature": 4.0,
    "C": 1876.5166666666667,
    "DOC": 37.53033333333333,
    "pH": 6.74,
    "weight": 17.9,
    "water": 2.5,
    "H2O": 138771.08765447995,
    "M_Fe3": 0.392329704261048,
    "M_Ferm": 0.247513203735128,
    "M_Hydro": 0.06791394059542818,
    "M_Homo": 0.40964201046613896,
    "Vmax_help_Ferm": 0.2567389747634834,
    "Vmax_Ferm": 0.8783435006126101,
    "Vmax_Fe3": 2.0132743373517528,
    "Vmax_Homo": 0.8248497112674138,
    "Vmax_Hydro": 0.14463795039696548,
    "Vmax_Ac": 0.5040825857615241,
    "Kmb_help_Ferm": 823.4830484883348,
    "Km_Ac_Acetate": 44.50128479479007,
    "Km_Homo_CO2": 336.0802390853384,
    "Km_Homo_H2": 737.7414748492953,
    "Km_Hydro_CO2": 477.3868797022779,
    "Km_Hydro_H2": 653.9194669237497,
    "Km_Fe3_Fe3": 546.9457407895983,
    "Km_Fe3_Acetate": 801.5434650185603,
    "Km_Ferm": 395.2264635712829,
    "Inhibition_Ferm": 15.549138671572681,
    "Fe3": 217.30027614204053,
    "M_Ac": 0.017081592890516566,
    "CUE_Ferm": 0.6808608288060546,
    "CUE_Fe3": 0.09322667360947312,
    "CUE_Ac": 0.5240521134721097,
    "CUE_Homo": 0.22033072557212074,
    "CUE_Hydro": 0.06408974111847376
}