{
    "Sensenmann": 8.33e-05,
    "Acetate": 1,
    "temperature": 4.0,
    "C": 1876.5166666666667,
    "DOC": 37.53033333333333,
    "pH": 6.74,
    "weight": 17.9,
    "water": 2.5,
    "H2O": 138771.08765447995,
    "M_Fe3": 0.25335558713960893,
    "M_Ferm": 0.4234489238882271,
    "M_Hydro": 0.4413457257873931,
    "M_Homo": 0.21210449884508867,
    "Vmax_help_Ferm": 0.3323134809426326,
    "Vmax_Ferm": 0.053028682696169165,
    "Vmax_Fe3": 1.0509922671465308,
    "Vmax_Homo": 0.8663506121631019,
    "Vmax_Hydro": 0.7768397591053068,
    "Vmax_Ac": 0.9988116417967572,
    "Kmb_help_Ferm": 1477.0355319821952,
    "Km_Ac_Acetate": 15.76044321879083,
    "Km_Homo_CO2": 613.6779599862299,
    "Km_Homo_H2": 743.5838775254587,
    "Km_Hydro_CO2": 838.9573360241336,
    "Km_Hydro_H2": 221.10439107430102,
    "Km_Fe3_Fe3": 369.8379745728426,
    "Km_Fe3_Acetate": 522.3702805318644,
    "Km_Ferm": 550.6127761517104,
    "Inhibition_Ferm": 1.0867512870724456,
    "Fe3": 181.13645931470904,
    "M_Ac": 0.016341950947817152,
    "CUE_Ferm": 0.6678442786729885,
    "CUE_Fe3": 0.8169001030075512,
    "CUE_Ac": 0.37515349690008337,
    "CUE_Homo": 0.6970841105381029,
    "CUE_Hydro": 0.17477391752251648
}