{
    "Sensenmann": 8.33e-05,
    "Acetate": 1,
    "temperature": 4.0,
    "C": 1876.5166666666667,
    "DOC": 37.53033333333333,
    "pH": 6.74,
    "weight": 17.9,
    "water": 2.5,
    "H2O": 138771.08765447995,
    "M_Fe3": 0.16189254025230118,
    "M_Ferm": 0.014984447207892916,
    "M_Hydro": 0.3452561230814118,
    "M_Homo": 0.2598093924628378,
    "Vmax_help_Ferm": 0.4914220118126728,
    "Vmax_Ferm": 2.890924685693848,
    "Vmax_Fe3": 2.155275462716662,
    "Vmax_Homo": 0.7100666098172815,
    "Vmax_Hydro": 0.44907730028960147,
    "Vmax_Ac": 0.1317154430279683,
    "Kmb_help_Ferm": 1947.202934579974,
    "Km_Ac_Acetate": 26.017894387232577,
    "Km_Homo_CO2": 170.50938506752945,
    "Km_Homo_H2": 42.022195562306116,
    "Km_Hydro_CO2": 302.71991920013954,
    "Km_Hydro_H2": 521.7943882443303,
    "Km_Fe3_Fe3": 5.295469885499786,
    "Km_Fe3_Acetate": 808.1693156920438,
    "Km_Ferm": 754.1500754565923,
    "Inhibition_Ferm": 17.283827847570716,
    "Fe3": 187.84310456411424,
    "M_Ac": 0.009279951203205869,
    "CUE_Ferm": 0.555140552048846,
    "CUE_Fe3": 0.7878027197589175,
    "CUE_Ac": 0.670711315296362,
    "CUE_Homo": 0.10791598733930474,
    "CUE_Hydro": 0.40612963879152564
}