{
    "Sensenmann": 8.33e-05,
    "Acetate": 1,
    "temperature": 4.0,
    "C": 1943.6888888888889,
    "DOC": 38.873777777777775,
    "pH": 6.37,
    "weight": 8.66,
    "water": 13.0,
    "H2O": 721609.6558032958,
    "M_Fe3": 0.02851969597255144,
    "M_Ferm": 0.26978744330271315,
    "M_Hydro": 0.16677989182374048,
    "M_Homo": 0.333690947876857,
    "Vmax_help_Ferm": 0.3877738849257484,
    "Vmax_Ferm": 2.717373214212554,
    "Vmax_Fe3": 1.7773810904934415,
    "Vmax_Homo": 0.6955283184626706,
    "Vmax_Hydro": 0.6025324705089272,
    "Vmax_Ac": 0.543524366480577,
    "Kmb_help_Ferm": 669.5145075357921,
    "Km_Ac_Acetate": 8.376741256148485,
    "Km_Homo_CO2": 601.2093789098806,
    "Km_Homo_H2": 777.798043675845,
    "Km_Hydro_CO2": 787.5291373263452,
    "Km_Hydro_H2": 663.371671045434,
    "Km_Fe3_Fe3": 586.6213645109457,
    "Km_Fe3_Acetate": 729.7248305382,
    "Km_Ferm": 841.3188705447817,
    "Inhibition_Ferm": 15.403818776513658,
    "Fe3": 191.51477148548872,
    "M_Ac": 0.015547747208421333,
    "CUE_Ferm": 0.019954259920497153,
    "CUE_Fe3": 0.19608301525260916,
    "CUE_Ac": 0.070146311045771,
    "CUE_Homo": 0.48158560185928323,
    "CUE_Hydro": 0.3105483350314108
}