{
    "Sensenmann": 8.33e-05,
    "Acetate": 1,
    "temperature": 4.0,
    "C": 706.9666666666667,
    "DOC": 14.139333333333335,
    "pH": 7.43,
    "weight": 8.35,
    "water": 2.8,
    "H2O": 155423.61817301754,
    "M_Fe3": 0.21163059253358185,
    "M_Ferm": 0.47953413020872726,
    "M_Hydro": 0.34871139104641,
    "M_Homo": 0.23927902808164125,
    "Vmax_help_Ferm": 0.9893679816151875,
    "Vmax_Ferm": 1.2711915680886814,
    "Vmax_Fe3": 1.655367904767813,
    "Vmax_Homo": 0.5279447264800535,
    "Vmax_Hydro": 0.5916846163085728,
    "Vmax_Ac": 0.278155578562637,
    "Kmb_help_Ferm": 1299.2956777278866,
    "Km_Ac_Acetate": 266.8601443146117,
    "Km_Homo_CO2": 203.1896869518511,
    "Km_Homo_H2": 377.2191582233146,
    "Km_Hydro_CO2": 464.7881371173097,
    "Km_Hydro_H2": 322.60537170204077,
    "Km_Fe3_Fe3": 313.2603687102915,
    "Km_Fe3_Acetate": 353.1860787406898,
    "Km_Ferm": 241.70928848952963,
    "Inhibition_Ferm": 10.853224996668347,
    "Fe3": 215.83268199203846,
    "M_Ac": 0.008223594499314662,
    "CUE_Ferm": 0.21024862322353827,
    "CUE_Fe3": 0.027893457381537486,
    "CUE_Ac": 0.2952796746794741,
    "CUE_Homo": 0.7511050667989758,
    "CUE_Hydro": 0.2196285839094201
}