{
    "Sensenmann": 8.33e-05,
    "Acetate": 1,
    "temperature": 4.0,
    "C": 588.3844444444444,
    "DOC": 11.767688888888888,
    "pH": 6.15,
    "weight": 17.77,
    "water": 4.6,
    "H2O": 255338.80128424312,
    "M_Fe3": 0.39149571949535655,
    "M_Ferm": 0.3600004830563311,
    "M_Hydro": 0.047788069094349114,
    "M_Homo": 0.007467873159862487,
    "Vmax_help_Ferm": 0.6529230538562288,
    "Vmax_Ferm": 3.418215562237466,
    "Vmax_Fe3": 0.20216319561513196,
    "Vmax_Homo": 0.851799388284898,
    "Vmax_Hydro": 0.9259586407345034,
    "Vmax_Ac": 0.3723419921945698,
    "Kmb_help_Ferm": 1382.1033037911268,
    "Km_Ac_Acetate": 87.37447905831509,
    "Km_Homo_CO2": 640.1523140020757,
    "Km_Homo_H2": 328.9666359688411,
    "Km_Hydro_CO2": 556.7179722149871,
    "Km_Hydro_H2": 12.423108338712531,
    "Km_Fe3_Fe3": 39.87147579192462,
    "Km_Fe3_Acetate": 805.3705450140625,
    "Km_Ferm": 122.16292451274344,
    "Inhibition_Ferm": 8.600696135481723,
    "Fe3": 291.1099489182858,
    "M_Ac": 0.008464247516264647,
    "CUE_Ferm": 0.0846924088403902,
    "CUE_Fe3": 0.9840190402331582,
    "CUE_Ac": 0.6816306496581964,
    "CUE_Homo": 0.18753342122061456,
    "CUE_Hydro": 0.4157804028719183
}