{
    "Sensenmann": 8.33e-05,
    "Acetate": 1,
    "temperature": 4.0,
    "C": 1898.44,
    "DOC": 37.9688,
    "pH": 5.98,
    "weight": 7.44,
    "water": 13.0,
    "H2O": 721609.6558032958,
    "M_Fe3": 0.22781824598943481,
    "M_Ferm": 0.4238534700700197,
    "M_Hydro": 0.26813760420546723,
    "M_Homo": 0.34004964410582966,
    "Vmax_help_Ferm": 0.7972901456814524,
    "Vmax_Ferm": 2.2568744910952487,
    "Vmax_Fe3": 0.8053096131824814,
    "Vmax_Homo": 0.39425341415886667,
    "Vmax_Hydro": 0.30693066336135827,
    "Vmax_Ac": 0.39209612305647756,
    "Kmb_help_Ferm": 24.558046976192905,
    "Km_Ac_Acetate": 0.18965352036059357,
    "Km_Homo_CO2": 165.53371464804877,
    "Km_Homo_H2": 485.35161450041056,
    "Km_Hydro_CO2": 589.6814650360167,
    "Km_Hydro_H2": 637.579533814332,
    "Km_Fe3_Fe3": 608.766868851785,
    "Km_Fe3_Acetate": 703.50168591932,
    "Km_Ferm": 567.2629264712293,
    "Inhibition_Ferm": 14.325887984821494,
    "Fe3": 209.85135589409734,
    "M_Ac": 0.011734010848343822,
    "CUE_Ferm": 0.421121554556012,
    "CUE_Fe3": 0.5281593321361168,
    "CUE_Ac": 0.13391235558443235,
    "CUE_Homo": 0.7588742714532016,
    "CUE_Hydro": 0.3730971670644992
}