{
    "Sensenmann": 8.33e-05,
    "Acetate": 1,
    "temperature": 4.0,
    "C": 5118.345,
    "DOC": 102.3669,
    "pH": 7.12,
    "weight": 9.63,
    "water": 8.63,
    "H2O": 479037.7945832649,
    "M_Fe3": 0.22804060793888922,
    "M_Ferm": 0.37168629701547906,
    "M_Hydro": 0.2573237424074827,
    "M_Homo": 0.1642004895063763,
    "Vmax_help_Ferm": 0.3863784552899079,
    "Vmax_Ferm": 1.385323519030596,
    "Vmax_Fe3": 0.8340346293329464,
    "Vmax_Homo": 0.6231191633319528,
    "Vmax_Hydro": 0.5469855701257541,
    "Vmax_Ac": 0.4241003447347573,
    "Kmb_help_Ferm": 694.8108209796035,
    "Km_Ac_Acetate": 440.00716429952536,
    "Km_Homo_CO2": 562.4940068095013,
    "Km_Homo_H2": 607.1826042449941,
    "Km_Hydro_CO2": 600.4265077789948,
    "Km_Hydro_H2": 576.9342715734243,
    "Km_Fe3_Fe3": 546.4233751189013,
    "Km_Fe3_Acetate": 450.37234170342293,
    "Km_Ferm": 605.527591760574,
    "Inhibition_Ferm": 10.306057997752028,
    "Fe3": 52.8704293734458,
    "M_Ac": 0.005342764138340766,
    "CUE_Ferm": 0.13451626812366815,
    "CUE_Fe3": 0.5170537617239575,
    "CUE_Ac": 0.7317250811215948,
    "CUE_Homo": 0.6484495716469473,
    "CUE_Hydro": 0.5341912272003657
}