{
    "Sensenmann": 8.33e-05,
    "Acetate": 1,
    "temperature": 4.0,
    "C": 3055.8055555555557,
    "DOC": 61.11611111111112,
    "pH": 7.22,
    "weight": 11.5,
    "water": 8.8,
    "H2O": 488474.22854376957,
    "M_Fe3": 0.21788821228805416,
    "M_Ferm": 0.34814162593108877,
    "M_Hydro": 0.18393793059328065,
    "M_Homo": 0.2924018828088797,
    "Vmax_help_Ferm": 0.5213070080164165,
    "Vmax_Ferm": 3.1336833536968602,
    "Vmax_Fe3": 1.9771595069286132,
    "Vmax_Homo": 0.5606746678821636,
    "Vmax_Hydro": 0.7079074491438393,
    "Vmax_Ac": 0.9430743603119075,
    "Kmb_help_Ferm": 1.7885572354657597,
    "Km_Ac_Acetate": 735.0990966648644,
    "Km_Homo_CO2": 256.86434533798564,
    "Km_Homo_H2": 497.5755992018911,
    "Km_Hydro_CO2": 329.7447025871157,
    "Km_Hydro_H2": 787.094172361124,
    "Km_Fe3_Fe3": 543.5070619830814,
    "Km_Fe3_Acetate": 608.4375873852459,
    "Km_Ferm": 525.9637232554816,
    "Inhibition_Ferm": 13.233611215017064,
    "Fe3": 93.00951652988164,
    "M_Ac": 0.010662891641016354,
    "CUE_Ferm": 0.022948897374379218,
    "CUE_Fe3": 0.3299859149034998,
    "CUE_Ac": 0.5666866284810955,
    "CUE_Homo": 0.5565305431075633,
    "CUE_Hydro": 0.45739141936946603
}