{
    "M_Fe3": 0.2,
    "M_Ferm": 0.02,
    "M_Hydro": 0.0025,
    "M_Homo": 0.0001,
    "Sensenmann": 0,
    "temperature": 4.0,
    "C": 4037.866666666667,
    "DOC": 80.75733333333334,
    "pH": 5.99,
    "weight": 10.72,
    "water": 12.5,
    "Vmax_help_Ferm": 0.05964701172443576,
    "Vmax_Ferm": 0.3511001554300297,
    "Vmax_Fe3": 0.9148875001738112,
    "Vmax_Homo": 0.4366606638701871,
    "Vmax_Hydro": 0.5845341022588674,
    "Vmax_Ac": 0.9606014267658762,
    "Kmb_help_Ferm": 1.2926725260341354,
    "Inhibition_Ferm": 13.65736168474833,
    "Fe3": 10.007468256280216,
    "M_Ac": 0.011863248581595862
}