{
    "Sensenmann": 8.33e-05,
    "Acetate": 1,
    "temperature": 4.0,
    "C": 588.3844444444444,
    "DOC": 11.767688888888888,
    "pH": 6.15,
    "weight": 17.77,
    "water": 4.6,
    "H2O": 255338.80128424312,
    "M_Fe3": 0.03662036695746673,
    "M_Ferm": 0.32046301159332,
    "M_Hydro": 0.15024186556244254,
    "M_Homo": 0.2774215471232119,
    "Vmax_help_Ferm": 0.7268208821357713,
    "Vmax_Ferm": 2.384342561707347,
    "Vmax_Fe3": 1.6645291001329106,
    "Vmax_Homo": 0.35888953107803173,
    "Vmax_Hydro": 0.5088521764825455,
    "Vmax_Ac": 0.898864718828169,
    "Kmb_help_Ferm": 861.5503069609055,
    "Km_Ac_Acetate": 8.544614873538327,
    "Km_Homo_CO2": 642.3934798254419,
    "Km_Homo_H2": 608.6717193766,
    "Km_Hydro_CO2": 233.20667798051863,
    "Km_Hydro_H2": 902.012496184928,
    "Km_Fe3_Fe3": 396.6498175365402,
    "Km_Fe3_Acetate": 335.1632254769235,
    "Km_Ferm": 741.1525799119557,
    "Inhibition_Ferm": 8.172822389457686,
    "Fe3": 125.10751553386902,
    "M_Ac": 0.011158265542850545,
    "CUE_Ferm": 0.017105552317119056,
    "CUE_Fe3": 0.571435945397988,
    "CUE_Ac": 0.019311321685792304,
    "CUE_Homo": 0.6741664462977082,
    "CUE_Hydro": 0.19444510348858618
}