{
    "Sensenmann": 8.33e-05,
    "Acetate": 1,
    "temperature": 4.0,
    "C": 3674.475555555556,
    "DOC": 73.48951111111113,
    "pH": 6.48,
    "weight": 11.38,
    "water": 8.67,
    "H2O": 481258.13198573655,
    "M_Fe3": 0.22432906024105867,
    "M_Ferm": 0.2921693630442901,
    "M_Hydro": 0.2182348423535107,
    "M_Homo": 0.27903564535802394,
    "Vmax_help_Ferm": 0.5435785920027891,
    "Vmax_Ferm": 2.888519651674415,
    "Vmax_Fe3": 1.2778192431178064,
    "Vmax_Homo": 0.21328936420672878,
    "Vmax_Hydro": 0.6388949029228406,
    "Vmax_Ac": 0.7338717738351471,
    "Kmb_help_Ferm": 2.4707439790199714,
    "Km_Ac_Acetate": 72.60245522686654,
    "Km_Homo_CO2": 637.1492729602668,
    "Km_Homo_H2": 349.51019311765714,
    "Km_Hydro_CO2": 172.10627661464883,
    "Km_Hydro_H2": 123.38075394691832,
    "Km_Fe3_Fe3": 546.718541331463,
    "Km_Fe3_Acetate": 843.2262963728111,
    "Km_Ferm": 385.86206777348644,
    "Inhibition_Ferm": 7.7506544047722095,
    "Fe3": 176.79919464986745,
    "M_Ac": 0.014271300054977518,
    "CUE_Ferm": 0.08675355471097301,
    "CUE_Fe3": 0.12910099208317605,
    "CUE_Ac": 0.626760986890798,
    "CUE_Homo": 0.6582536239984755,
    "CUE_Hydro": 0.584080143414808
}