{
    "Sensenmann": 8.33e-05,
    "Acetate": 1,
    "temperature": 4.0,
    "C": 2852.011111111111,
    "DOC": 57.04022222222222,
    "pH": 7.15,
    "weight": 14.15,
    "water": 5.85,
    "H2O": 324724.3451114831,
    "M_Fe3": 0.1960092707568584,
    "M_Ferm": 0.1571211182129078,
    "M_Hydro": 0.22461826353687211,
    "M_Homo": 0.07077834360273128,
    "Vmax_help_Ferm": 0.4894504480806459,
    "Vmax_Ferm": 0.3750014518789448,
    "Vmax_Fe3": 1.9515300210743496,
    "Vmax_Homo": 0.4860643466550455,
    "Vmax_Hydro": 0.26783319577041964,
    "Vmax_Ac": 0.35860047626679786,
    "Kmb_help_Ferm": 498.3296752587567,
    "Km_Ac_Acetate": 564.6390560242417,
    "Km_Homo_CO2": 486.0881232611771,
    "Km_Homo_H2": 296.2733967078846,
    "Km_Hydro_CO2": 487.62599080526496,
    "Km_Hydro_H2": 621.4986904767946,
    "Km_Fe3_Fe3": 537.4942662779516,
    "Km_Fe3_Acetate": 61.176622598282975,
    "Km_Ferm": 749.924426606282,
    "Inhibition_Ferm": 13.854759571875706,
    "Fe3": 113.43704203450541,
    "M_Ac": 0.0077238328966501716,
    "CUE_Ferm": 0.4244078163703656,
    "CUE_Fe3": 0.47413777196734935,
    "CUE_Ac": 0.8053522914396714,
    "CUE_Homo": 0.5506066791561746,
    "CUE_Hydro": 0.5413368330084659
}