{
    "Sensenmann": 8.33e-05,
    "Acetate": 1,
    "temperature": 4.0,
    "C": 2546.5533333333337,
    "DOC": 50.93106666666667,
    "pH": 3.95,
    "weight": 11.82,
    "water": 4.0,
    "H2O": 222033.74024716797,
    "M_Fe3": 0.2,
    "M_Ferm": 0.02,
    "M_Hydro": 0.0025,
    "M_Homo": 0.0001,
    "Vmax_help_Ferm": 0.9999306161130834,
    "Vmax_Ferm": 4.1380785394837005,
    "Vmax_Fe3": 0.89817626250035,
    "Vmax_Homo": 0.5457394394384627,
    "Vmax_Hydro": 0.24706244797942814,
    "Vmax_Ac": 0.5665115584644631,
    "Kmb_help_Ferm": 891.7732649811559,
    "Km_help_Ferm": 3618.5403636705505,
    "Km_Ac_Acetate": 77.45512661594466,
    "Km_Homo_CO2": 267.17305425499063,
    "Km_Homo_H2": 752.0140435559757,
    "Km_Hydro_CO2": 357.87351679143444,
    "Km_Hydro_H2": 424.58131001540846,
    "Km_Fe3_Fe3": 738.8197995059913,
    "Km_Fe3_Acetate": 458.2426314432057,
    "Km_Ferm": 780.2347021088556,
    "Inhibition_Ferm": 7.350034345938164,
    "Fe3": 119.09123130773733,
    "M_Ac": 0.015401704858753227,
    "CUE_Ferm": 0.22251799068790443,
    "CUE_Fe3": 0.308964760641128,
    "CUE_Ac": 0.26964564053185136,
    "CUE_Homo": 0.7182020298979199,
    "CUE_Hydro": 0.6157316796638491
}