{
    "Sensenmann": 8.33e-05,
    "Acetate": 1,
    "temperature": 4.0,
    "C": 588.3844444444444,
    "DOC": 11.767688888888888,
    "pH": 6.15,
    "weight": 17.77,
    "water": 4.6,
    "H2O": 255338.80128424312,
    "M_Fe3": 0.0004221342437196531,
    "M_Ferm": 0.3461089545502065,
    "M_Hydro": 0.18704466983411572,
    "M_Homo": 0.40567501710715503,
    "Vmax_help_Ferm": 0.6993549915310895,
    "Vmax_Ferm": 2.2347446176568195,
    "Vmax_Fe3": 1.7954666660854857,
    "Vmax_Homo": 0.3888531062779581,
    "Vmax_Hydro": 0.29508108369530167,
    "Vmax_Ac": 0.3828282382653422,
    "Kmb_help_Ferm": 136.19979738092513,
    "Km_Ac_Acetate": 23.784073733571404,
    "Km_Homo_CO2": 402.1365426168402,
    "Km_Homo_H2": 392.0029644633895,
    "Km_Hydro_CO2": 574.320222123144,
    "Km_Hydro_H2": 640.899769123461,
    "Km_Fe3_Fe3": 461.1357197917372,
    "Km_Fe3_Acetate": 546.4453084547506,
    "Km_Ferm": 605.443632124034,
    "Inhibition_Ferm": 6.377492505790068,
    "Fe3": 83.43687860974839,
    "M_Ac": 0.01333387210656183,
    "CUE_Ferm": 0.13862309995480715,
    "CUE_Fe3": 0.001211696998713041,
    "CUE_Ac": 0.27317888869279683,
    "CUE_Homo": 0.6128818170556626,
    "CUE_Hydro": 0.7116368367018009
}