{
    "Sensenmann": 8.33e-05,
    "Acetate": 1,
    "temperature": 4.0,
    "C": 1876.5166666666667,
    "DOC": 37.53033333333333,
    "pH": 6.74,
    "weight": 17.9,
    "water": 2.5,
    "H2O": 138771.08765447995,
    "M_Fe3": 0.0005398807470084477,
    "M_Ferm": 0.08024008503278521,
    "M_Hydro": 0.22526155785878418,
    "M_Homo": 0.30365002800723034,
    "Vmax_help_Ferm": 0.6308225069142372,
    "Vmax_Ferm": 2.741888242236289,
    "Vmax_Fe3": 2.0409921392324892,
    "Vmax_Homo": 0.5695705640048971,
    "Vmax_Hydro": 0.5848692594713706,
    "Vmax_Ac": 0.9051305887577815,
    "Kmb_help_Ferm": 870.4339393049102,
    "Km_Ac_Acetate": 21.818450884487135,
    "Km_Homo_CO2": 517.3990861057874,
    "Km_Homo_H2": 486.148371003499,
    "Km_Hydro_CO2": 558.8781989325602,
    "Km_Hydro_H2": 494.0107124478578,
    "Km_Fe3_Fe3": 632.600958987505,
    "Km_Fe3_Acetate": 416.70349809679004,
    "Km_Ferm": 339.746368892365,
    "Inhibition_Ferm": 9.978596987049192,
    "Fe3": 213.8666158878613,
    "M_Ac": 0.010374553388467597,
    "CUE_Ferm": 0.7188838217671565,
    "CUE_Fe3": 0.5649298608300717,
    "CUE_Ac": 0.1674085314768819,
    "CUE_Homo": 0.7885158204808191,
    "CUE_Hydro": 0.44477217089789206
}