{
    "Sensenmann": 8.33e-05,
    "Acetate": 1,
    "temperature": 4.0,
    "C": 1505.1116666666665,
    "DOC": 30.10223333333333,
    "pH": 7.57,
    "weight": 15.49,
    "water": 4.5,
    "H2O": 249787.95777806395,
    "M_Fe3": 0.34178781715903067,
    "M_Ferm": 0.19973158177662903,
    "M_Hydro": 0.20920074264176466,
    "M_Homo": 0.2578016927017677,
    "Vmax_help_Ferm": 0.0036825657885470875,
    "Vmax_Ferm": 2.382249608396936,
    "Vmax_Fe3": 2.8035718410626194,
    "Vmax_Homo": 0.49240903687501153,
    "Vmax_Hydro": 0.42520641367526646,
    "Vmax_Ac": 0.21383442146600892,
    "Kmb_help_Ferm": 1376.4766698201654,
    "Km_Ac_Acetate": 371.59474282975424,
    "Km_Homo_CO2": 552.1730967768883,
    "Km_Homo_H2": 577.5771634317175,
    "Km_Hydro_CO2": 461.595123029754,
    "Km_Hydro_H2": 383.5883310817031,
    "Km_Fe3_Fe3": 99.8837312304091,
    "Km_Fe3_Acetate": 524.735240300331,
    "Km_Ferm": 648.731383483785,
    "Inhibition_Ferm": 0.3715964445387004,
    "Fe3": 219.94613698668888,
    "M_Ac": 0.01162048524317839,
    "CUE_Ferm": 0.31177342338034963,
    "CUE_Fe3": 0.6806275382230939,
    "CUE_Ac": 0.4978838452663778,
    "CUE_Homo": 0.4720776497975987,
    "CUE_Hydro": 0.35221941225323194
}