{
    "Sensenmann": 8.33e-05,
    "Acetate": 1,
    "temperature": 4.0,
    "C": 5559.6,
    "DOC": 111.19200000000001,
    "pH": 4.45,
    "weight": 10.8,
    "water": 8.92,
    "H2O": 495135.2407511845,
    "M_Fe3": 0.010728987548802254,
    "M_Ferm": 0.4227072662614331,
    "M_Hydro": 0.2524094662097709,
    "M_Homo": 0.3221785400070831,
    "Vmax_help_Ferm": 0.2881057167801327,
    "Vmax_Ferm": 1.2119164678731427,
    "Vmax_Fe3": 1.6449586789746378,
    "Vmax_Homo": 0.5180760859220792,
    "Vmax_Hydro": 0.5202400065741865,
    "Vmax_Ac": 0.6395797480875041,
    "Kmb_help_Ferm": 1124.4706620694274,
    "Km_Ac_Acetate": 504.23888301919277,
    "Km_Homo_CO2": 640.0426011815218,
    "Km_Homo_H2": 390.1371343168806,
    "Km_Hydro_CO2": 619.0929155027284,
    "Km_Hydro_H2": 238.05167574638932,
    "Km_Fe3_Fe3": 465.7889218223849,
    "Km_Fe3_Acetate": 578.8837275246564,
    "Km_Ferm": 249.8022908256315,
    "Inhibition_Ferm": 1.126660728415213,
    "Fe3": 238.46280649717335,
    "M_Ac": 0.012182177829854302,
    "CUE_Ferm": 0.43239522631908284,
    "CUE_Fe3": 0.8616398342079812,
    "CUE_Ac": 0.7427072342681541,
    "CUE_Homo": 0.36831666669774554,
    "CUE_Hydro": 0.38973403195468304
}