{
    "Sensenmann": 8.33e-05,
    "Acetate": 1,
    "temperature": 4.0,
    "C": 724.3888888888889,
    "DOC": 14.48777777777778,
    "pH": 5.95,
    "weight": 17.0,
    "water": 4.0,
    "H2O": 222033.74024716797,
    "M_Fe3": 0.2295473528074882,
    "M_Ferm": 0.30094678878477393,
    "M_Hydro": 0.2597067622323112,
    "M_Homo": 0.3940717056396861,
    "Vmax_help_Ferm": 0.7877984192178634,
    "Vmax_Ferm": 2.9511624397559184,
    "Vmax_Fe3": 1.1628798949316732,
    "Vmax_Homo": 0.6604488778765476,
    "Vmax_Hydro": 0.12646877253639022,
    "Vmax_Ac": 0.5734839417399272,
    "Kmb_help_Ferm": 10.01023710504627,
    "Km_Ac_Acetate": 12.460696154056807,
    "Km_Homo_CO2": 588.2179200255315,
    "Km_Homo_H2": 284.1506141749918,
    "Km_Hydro_CO2": 664.7521327840027,
    "Km_Hydro_H2": 494.51501788887964,
    "Km_Fe3_Fe3": 280.08627554976107,
    "Km_Fe3_Acetate": 621.2231956371523,
    "Km_Ferm": 819.5944450596056,
    "Inhibition_Ferm": 9.85272562844772,
    "Fe3": 146.9743596972847,
    "M_Ac": 0.014939565193259396,
    "CUE_Ferm": 0.38338771587046927,
    "CUE_Fe3": 0.3022096628878088,
    "CUE_Ac": 0.2316915272012217,
    "CUE_Homo": 0.24736355304297614,
    "CUE_Hydro": 0.6189803065163745
}