{
    "Sensenmann": 8.33e-05,
    "Acetate": 1,
    "temperature": 4.0,
    "C": 2546.5533333333337,
    "DOC": 50.93106666666667,
    "pH": 3.95,
    "weight": 11.82,
    "water": 4.0,
    "H2O": 222033.74024716797,
    "M_Fe3": 0.08019988017957087,
    "M_Ferm": 0.26666018572629546,
    "M_Hydro": 0.2792565338174807,
    "M_Homo": 0.20760255263984784,
    "Vmax_help_Ferm": 0.7166591329938026,
    "Vmax_Ferm": 0.853771961240646,
    "Vmax_Fe3": 1.9836420882541983,
    "Vmax_Homo": 0.6514572522105656,
    "Vmax_Hydro": 0.426529164445693,
    "Vmax_Ac": 0.7463636028982719,
    "Kmb_help_Ferm": 803.3224036721966,
    "Km_Ac_Acetate": 182.01233918247908,
    "Km_Homo_CO2": 602.9560345116786,
    "Km_Homo_H2": 550.9682180564421,
    "Km_Hydro_CO2": 637.5715130017036,
    "Km_Hydro_H2": 612.9759399413041,
    "Km_Fe3_Fe3": 600.2325088333034,
    "Km_Fe3_Acetate": 708.8993965564713,
    "Km_Ferm": 280.0734442492261,
    "Inhibition_Ferm": 11.666804173510172,
    "Fe3": 59.87905235501692,
    "M_Ac": 0.015901842112132466,
    "CUE_Ferm": 0.1551192581619363,
    "CUE_Fe3": 0.2569818180874536,
    "CUE_Ac": 0.3633135028347589,
    "CUE_Homo": 0.5856676123297537,
    "CUE_Hydro": 0.46076658194919184
}