{
    "M_Fe3": 0.2,
    "M_Ferm": 0.02,
    "M_Hydro": 0.0025,
    "M_Homo": 0.0001,
    "Sensenmann": 8.33e-05,
    "Km_help_Ferm": 7692.307692307692,
    "Km_Ac_Acetate": 0.15384615384615385,
    "Km_Homo_CO2": 0.0003846153846153846,
    "Km_Homo_H2": 7.692307692307693e-05,
    "Km_Hydro_CO2": 0.003846153846153846,
    "Km_Hydro_H2": 0.0007692307692307692,
    "Km_Fe3_Fe3": 1.5384615384615383,
    "Km_Fe3_Acetate": 0.007692307692307692,
    "Km_Ferm": 76.92307692307692,
    "Acetate": 1,
    "temperature": 4.0,
    "C": 1753.4722222222222,
    "DOC": 35.06944444444444,
    "pH": 7.9,
    "weight": 12.5,
    "water": 7.5,
    "Vmax_help_Ferm": 0.04176457196891855,
    "Vmax_Ferm": 0.4998503160594434,
    "Vmax_Fe3": 2.902552426832974,
    "Vmax_Homo": 0.5088096625420837,
    "Vmax_Hydro": 0.4857297797442841,
    "Vmax_Ac": 0.9191172496907205,
    "Kmb_help_Ferm": 13.145151805856335,
    "Inhibition_Ferm": 18.987132288712356,
    "Fe3": 29.92242181340394,
    "M_Ac": 0.011726460669268423,
    "CUE_Ferm": 0.051981550364397625,
    "CUE_Fe3": 0.06346440862882044,
    "CUE_Ac": 0.039932731022160356,
    "CUE_Homo": 0.04133517980932655,
    "CUE_Hydro": 0.024214846642054807
}