{
    "Sensenmann": 8.33e-05,
    "Acetate": 1,
    "temperature": 4.0,
    "C": 1575.75,
    "DOC": 31.515,
    "pH": 7.28,
    "weight": 13.5,
    "water": 6.0,
    "H2O": 333050.61037075194,
    "M_Fe3": 0.35385407853299106,
    "M_Ferm": 0.14168237017545784,
    "M_Hydro": 0.08333463226898355,
    "M_Homo": 0.18030213773501544,
    "Vmax_help_Ferm": 0.8634811866426509,
    "Vmax_Ferm": 2.208427515219305,
    "Vmax_Fe3": 2.2350197218708745,
    "Vmax_Homo": 0.6696210239390538,
    "Vmax_Hydro": 0.6173954170962137,
    "Vmax_Ac": 0.77134215771362,
    "Kmb_help_Ferm": 1328.3338893287953,
    "Km_Ac_Acetate": 150.84688211073794,
    "Km_Homo_CO2": 563.9842715563792,
    "Km_Homo_H2": 344.2614077289441,
    "Km_Hydro_CO2": 620.9590310717674,
    "Km_Hydro_H2": 488.38714199879155,
    "Km_Fe3_Fe3": 335.8545034638862,
    "Km_Fe3_Acetate": 478.43007251580224,
    "Km_Ferm": 233.68761340301535,
    "Inhibition_Ferm": 16.674536668940576,
    "Fe3": 174.8817578075225,
    "M_Ac": 0.003440388285656752,
    "CUE_Ferm": 0.01604501222134136,
    "CUE_Fe3": 0.15563941656927643,
    "CUE_Ac": 0.6653187278564404,
    "CUE_Homo": 0.5834385487698419,
    "CUE_Hydro": 0.6294774080005165
}