{
    "Sensenmann": 8.33e-05,
    "Acetate": 1,
    "temperature": 4.0,
    "C": 1943.6888888888889,
    "DOC": 38.873777777777775,
    "pH": 6.37,
    "weight": 8.66,
    "water": 13.0,
    "H2O": 721609.6558032958,
    "M_Fe3": 0.21629542201879334,
    "M_Ferm": 0.3390556313016577,
    "M_Hydro": 0.26271627189599756,
    "M_Homo": 0.23578915747108228,
    "Vmax_help_Ferm": 0.6163338356011483,
    "Vmax_Ferm": 3.722832503276528,
    "Vmax_Fe3": 1.0120193469358392,
    "Vmax_Homo": 0.5221502729355855,
    "Vmax_Hydro": 0.5646909118763254,
    "Vmax_Ac": 0.8160332423179356,
    "Kmb_help_Ferm": 27.081104460403747,
    "Km_Ac_Acetate": 5.818922942809991,
    "Km_Homo_CO2": 277.19641495843916,
    "Km_Homo_H2": 669.8599771099736,
    "Km_Hydro_CO2": 190.76400883527737,
    "Km_Hydro_H2": 580.760706181076,
    "Km_Fe3_Fe3": 697.1952999472065,
    "Km_Fe3_Acetate": 603.9910049401279,
    "Km_Ferm": 870.2496157424498,
    "Inhibition_Ferm": 6.321784169601168,
    "Fe3": 117.86052822693922,
    "M_Ac": 0.01527491044490768,
    "CUE_Ferm": 0.3563956567496739,
    "CUE_Fe3": 0.4142887415281882,
    "CUE_Ac": 0.1668604941403889,
    "CUE_Homo": 0.13361838845248436,
    "CUE_Hydro": 0.582511225431745
}