{
    "Sensenmann": 8.33e-05,
    "Acetate": 1,
    "temperature": 4.0,
    "C": 1093.821333333333,
    "DOC": 21.876426666666664,
    "pH": 6.08,
    "weight": 14.226,
    "water": 6.6,
    "H2O": 366355.6714078271,
    "M_Fe3": 0.275726835093241,
    "M_Ferm": 0.34348399942736485,
    "M_Hydro": 0.10910355081247852,
    "M_Homo": 0.28213125250994786,
    "Vmax_help_Ferm": 0.909859560698917,
    "Vmax_Ferm": 2.887249390195501,
    "Vmax_Fe3": 0.9958593362479163,
    "Vmax_Homo": 0.325829793768238,
    "Vmax_Hydro": 0.4163786064894824,
    "Vmax_Ac": 0.8076072154018679,
    "Kmb_help_Ferm": 36.70087459286383,
    "Km_Ac_Acetate": 17.27808011992387,
    "Km_Homo_CO2": 411.62245240861984,
    "Km_Homo_H2": 160.5482249765878,
    "Km_Hydro_CO2": 728.3260583756592,
    "Km_Hydro_H2": 220.3202039789998,
    "Km_Fe3_Fe3": 619.7795394921395,
    "Km_Fe3_Acetate": 704.2652626544332,
    "Km_Ferm": 324.5856942697908,
    "Inhibition_Ferm": 12.011757530612368,
    "Fe3": 121.74137745339858,
    "M_Ac": 0.011862386316863423,
    "CUE_Ferm": 0.541666042447872,
    "CUE_Fe3": 0.08265855608048753,
    "CUE_Ac": 0.31426848281991787,
    "CUE_Homo": 0.3201062330403644,
    "CUE_Hydro": 0.615494380691079
}