{
    "Sensenmann": 8.33e-05,
    "Acetate": 1,
    "temperature": 4.0,
    "C": 492.69388888888886,
    "DOC": 9.853877777777777,
    "pH": 6.75,
    "weight": 15.37,
    "water": 3.55,
    "H2O": 197054.94446936157,
    "M_Fe3": 0.15884253198308315,
    "M_Ferm": 0.2725026970792924,
    "M_Hydro": 0.23126602086907966,
    "M_Homo": 0.2187735264749463,
    "Vmax_help_Ferm": 0.9967287379026388,
    "Vmax_Ferm": 2.6861869922200348,
    "Vmax_Fe3": 1.3814852756633698,
    "Vmax_Homo": 0.6895309403555006,
    "Vmax_Hydro": 0.46591113308381626,
    "Vmax_Ac": 0.4394834901068751,
    "Kmb_help_Ferm": 97.33471584267816,
    "Km_Ac_Acetate": 547.6461872632236,
    "Km_Homo_CO2": 508.5024793694509,
    "Km_Homo_H2": 85.33320657597918,
    "Km_Hydro_CO2": 297.34402220644864,
    "Km_Hydro_H2": 647.1009996395819,
    "Km_Fe3_Fe3": 401.48609871705565,
    "Km_Fe3_Acetate": 457.58666037821615,
    "Km_Ferm": 811.5930523489836,
    "Inhibition_Ferm": 14.809286858581615,
    "Fe3": 186.0790502853044,
    "M_Ac": 0.0072012441519559035,
    "CUE_Ferm": 0.42873313365807497,
    "CUE_Fe3": 0.2586785648345688,
    "CUE_Ac": 0.2923817495737591,
    "CUE_Homo": 0.38085421101941275,
    "CUE_Hydro": 0.6400225007687519
}