{
    "Sensenmann": 8.33e-05,
    "Acetate": 1,
    "temperature": 4.0,
    "C": 2852.011111111111,
    "DOC": 57.04022222222222,
    "pH": 7.15,
    "weight": 14.15,
    "water": 5.85,
    "H2O": 324724.3451114831,
    "M_Fe3": 0.2557282040201479,
    "M_Ferm": 0.24576885987646532,
    "M_Hydro": 0.2760455631105777,
    "M_Homo": 0.2927818194082296,
    "Vmax_help_Ferm": 0.3814811464681197,
    "Vmax_Ferm": 1.173163681621145,
    "Vmax_Fe3": 0.8763705693211516,
    "Vmax_Homo": 0.9380576826926833,
    "Vmax_Hydro": 0.3930542861323403,
    "Vmax_Ac": 0.46658168683166135,
    "Kmb_help_Ferm": 30.946736153851717,
    "Km_Ac_Acetate": 515.6647930915077,
    "Km_Homo_CO2": 600.4406251816022,
    "Km_Homo_H2": 628.2285810354881,
    "Km_Hydro_CO2": 376.2937845933142,
    "Km_Hydro_H2": 261.99407440707273,
    "Km_Fe3_Fe3": 595.1648582553368,
    "Km_Fe3_Acetate": 382.89572346885967,
    "Km_Ferm": 383.28612796775195,
    "Inhibition_Ferm": 9.652968143448184,
    "Fe3": 180.11381224718292,
    "M_Ac": 0.013993352614705492,
    "CUE_Ferm": 0.722290132829458,
    "CUE_Fe3": 0.12235144989717012,
    "CUE_Ac": 0.5691137004199717,
    "CUE_Homo": 0.25629162021058227,
    "CUE_Hydro": 0.9538135669632761
}