{
    "Sensenmann": 8.33e-05,
    "Acetate": 1,
    "temperature": 4.0,
    "C": 1575.75,
    "DOC": 31.515,
    "pH": 7.28,
    "weight": 13.5,
    "water": 6.0,
    "H2O": 333050.61037075194,
    "M_Fe3": 0.10954248830467282,
    "M_Ferm": 0.49723740810284395,
    "M_Hydro": 0.28388941013093755,
    "M_Homo": 0.1179777687709572,
    "Vmax_help_Ferm": 0.39891395367506355,
    "Vmax_Ferm": 2.620713076632686,
    "Vmax_Fe3": 2.1180026586263527,
    "Vmax_Homo": 0.47205087740483864,
    "Vmax_Hydro": 0.46294319548051666,
    "Vmax_Ac": 0.3267029792748479,
    "Kmb_help_Ferm": 206.57175367720325,
    "Km_Ac_Acetate": 385.36342618441057,
    "Km_Homo_CO2": 242.0161400388796,
    "Km_Homo_H2": 644.6129688192193,
    "Km_Hydro_CO2": 277.7099780930033,
    "Km_Hydro_H2": 150.66576283017642,
    "Km_Fe3_Fe3": 390.59694015119675,
    "Km_Fe3_Acetate": 262.5338975248433,
    "Km_Ferm": 624.9793008236245,
    "Inhibition_Ferm": 10.660804828224501,
    "Fe3": 199.1532687539746,
    "M_Ac": 0.007128333781332336,
    "CUE_Ferm": 0.22261404272754737,
    "CUE_Fe3": 0.25263164378742115,
    "CUE_Ac": 0.6606496117204942,
    "CUE_Homo": 0.48678850671723667,
    "CUE_Hydro": 0.5551915455474771
}