{
    "Sensenmann": 8.33e-05,
    "Acetate": 1,
    "temperature": 4.0,
    "C": 1876.5166666666667,
    "DOC": 37.53033333333333,
    "pH": 6.74,
    "weight": 17.9,
    "water": 2.5,
    "H2O": 138771.08765447995,
    "M_Fe3": 0.021953254974213854,
    "M_Ferm": 0.24471170687207244,
    "M_Hydro": 0.39412687198853447,
    "M_Homo": 0.2756949109402057,
    "Vmax_help_Ferm": 0.32760277415430766,
    "Vmax_Ferm": 0.8827659940055079,
    "Vmax_Fe3": 1.8686092897017799,
    "Vmax_Homo": 0.4227902948678745,
    "Vmax_Hydro": 0.7856613053496521,
    "Vmax_Ac": 0.2735528037222968,
    "Kmb_help_Ferm": 1126.176961667678,
    "Km_Ac_Acetate": 2.245793472086699,
    "Km_Homo_CO2": 386.1356360327892,
    "Km_Homo_H2": 334.63976242714267,
    "Km_Hydro_CO2": 501.6647079411622,
    "Km_Hydro_H2": 559.0051524361286,
    "Km_Fe3_Fe3": 616.0901097418937,
    "Km_Fe3_Acetate": 682.7621057341335,
    "Km_Ferm": 480.8497022765143,
    "Inhibition_Ferm": 12.770566841948254,
    "Fe3": 113.67388450700163,
    "M_Ac": 0.006804876019106832,
    "CUE_Ferm": 0.7494101941031318,
    "CUE_Fe3": 0.4785208169457633,
    "CUE_Ac": 0.20192806541186914,
    "CUE_Homo": 0.9371015064082197,
    "CUE_Hydro": 0.7464289288372371
}