{
    "Sensenmann": 8.33e-05,
    "Acetate": 1,
    "temperature": 4.0,
    "C": 1753.4722222222222,
    "DOC": 35.06944444444444,
    "pH": 7.9,
    "weight": 12.5,
    "water": 7.5,
    "H2O": 416313.2629634399,
    "M_Fe3": 0.36845627661676017,
    "M_Ferm": 0.15158479537947553,
    "M_Hydro": 0.31284319148464335,
    "M_Homo": 0.30469414491495483,
    "Vmax_help_Ferm": 0.7652938994463091,
    "Vmax_Ferm": 2.535138997921273,
    "Vmax_Fe3": 2.118044825348389,
    "Vmax_Homo": 0.4152609091493026,
    "Vmax_Hydro": 0.4646346479383833,
    "Vmax_Ac": 0.48016732672981133,
    "Kmb_help_Ferm": 834.0840570199052,
    "Km_Ac_Acetate": 640.9925756975101,
    "Km_Homo_CO2": 594.118570087788,
    "Km_Homo_H2": 553.8629765481866,
    "Km_Hydro_CO2": 647.549940906106,
    "Km_Hydro_H2": 800.7351182744162,
    "Km_Fe3_Fe3": 86.78153132385586,
    "Km_Fe3_Acetate": 319.68313123080924,
    "Km_Ferm": 654.5345043321978,
    "Inhibition_Ferm": 4.493632977995706,
    "Fe3": 224.5022283843515,
    "M_Ac": 0.006227412657608062,
    "CUE_Ferm": 0.012296099000800666,
    "CUE_Fe3": 0.024917099139297145,
    "CUE_Ac": 0.47641825961512685,
    "CUE_Homo": 0.398991085946759,
    "CUE_Hydro": 0.605483208784081
}