{
    "M_Fe3": 0.2,
    "M_Ferm": 0.02,
    "M_Hydro": 0.0025,
    "M_Homo": 0.0001,
    "Sensenmann": 8.33e-05,
    "Acetate": 1,
    "temperature": 4.0,
    "C": 3306.188888888889,
    "DOC": 66.12377777777778,
    "pH": 7.15,
    "weight": 12.22,
    "water": 7.3,
    "H2O": 405211.57595108147,
    "Vmax_help_Ferm": 0.347557284254151,
    "Vmax_Ferm": 2.1826192982834263,
    "Vmax_Fe3": 0.0053274970925869525,
    "Vmax_Homo": 0.3842183674485621,
    "Vmax_Hydro": 0.6787923256204944,
    "Vmax_Ac": 0.6185701320273594,
    "Kmb_help_Ferm": 1322.0602068699052,
    "Km_help_Ferm": 3991.1628462372155,
    "Km_Ac_Acetate": 5.407960142612978,
    "Km_Homo_CO2": 653.0387307834842,
    "Km_Homo_H2": 449.6201141895139,
    "Km_Hydro_CO2": 668.5378099756704,
    "Km_Hydro_H2": 376.2870041666897,
    "Km_Fe3_Fe3": 410.2834848225833,
    "Km_Fe3_Acetate": 629.4201643863157,
    "Km_Ferm": 484.99357632339695,
    "Inhibition_Ferm": 10.118875996129882,
    "Fe3": 117.37574379080921,
    "M_Ac": 0.010109432913795091,
    "CUE_Ferm": 0.3698723525408035,
    "CUE_Fe3": 0.5572385007984572,
    "CUE_Ac": 0.08453242432990166,
    "CUE_Homo": 0.3602422303950234,
    "CUE_Hydro": 0.7433100141164364
}