{
    "Sensenmann": 8.33e-05,
    "Acetate": 1,
    "temperature": 4.0,
    "C": 4075.4000000000005,
    "DOC": 81.50800000000001,
    "pH": 7.05,
    "weight": 12.3,
    "water": 9.9,
    "H2O": 549533.5071117406,
    "M_Fe3": 0.003903545455421209,
    "M_Ferm": 0.0713194753673424,
    "M_Hydro": 0.2781900062263216,
    "M_Homo": 0.27951940521614105,
    "Vmax_help_Ferm": 0.44016800732593736,
    "Vmax_Ferm": 2.6135631198938114,
    "Vmax_Fe3": 1.5691945886204512,
    "Vmax_Homo": 0.4584582556365549,
    "Vmax_Hydro": 0.5371824635158257,
    "Vmax_Ac": 0.6001467987127995,
    "Kmb_help_Ferm": 758.3221210294765,
    "Km_Ac_Acetate": 11.26753589189877,
    "Km_Homo_CO2": 369.57667400528015,
    "Km_Homo_H2": 395.23707087977397,
    "Km_Hydro_CO2": 469.16322250838186,
    "Km_Hydro_H2": 416.6132095299853,
    "Km_Fe3_Fe3": 468.43429570775305,
    "Km_Fe3_Acetate": 399.34707054597817,
    "Km_Ferm": 995.6320870031669,
    "Inhibition_Ferm": 5.422104652198828,
    "Fe3": 119.8500787296574,
    "M_Ac": 0.01176970515504801,
    "CUE_Ferm": 0.4261115286922992,
    "CUE_Fe3": 0.5511164217243837,
    "CUE_Ac": 0.14306285032633423,
    "CUE_Homo": 0.44931539426764816,
    "CUE_Hydro": 0.4576186502047436
}