{
    "Sensenmann": 8.33e-05,
    "Acetate": 1,
    "temperature": 4.0,
    "C": 1515.6888888888889,
    "DOC": 30.313777777777776,
    "pH": 8.08,
    "weight": 13.4,
    "water": 5.9,
    "H2O": 327499.76686457277,
    "M_Fe3": 0.3027780898336157,
    "M_Ferm": 0.32072161477103067,
    "M_Hydro": 0.2923476480819751,
    "M_Homo": 0.3532643666611417,
    "Vmax_help_Ferm": 0.24278980125441077,
    "Vmax_Ferm": 2.14759581743821,
    "Vmax_Fe3": 2.652636661356633,
    "Vmax_Homo": 0.3790317447209565,
    "Vmax_Hydro": 0.2954440511309739,
    "Vmax_Ac": 0.6090563474916765,
    "Kmb_help_Ferm": 847.092570667148,
    "Km_Ac_Acetate": 158.76248722348487,
    "Km_Homo_CO2": 593.6191849432919,
    "Km_Homo_H2": 548.8630563483887,
    "Km_Hydro_CO2": 278.7836187548187,
    "Km_Hydro_H2": 381.8782065049071,
    "Km_Fe3_Fe3": 268.98663563973173,
    "Km_Fe3_Acetate": 196.43471117591287,
    "Km_Ferm": 704.3586480110571,
    "Inhibition_Ferm": 12.471468971134932,
    "Fe3": 223.89858092666734,
    "M_Ac": 0.0055310953730573495,
    "CUE_Ferm": 0.00629664366803917,
    "CUE_Fe3": 0.003475127441571635,
    "CUE_Ac": 0.5777083861924317,
    "CUE_Homo": 0.1385546148978463,
    "CUE_Hydro": 0.621814374160197
}