{
    "Sensenmann": 8.329999999999999e-05,
    "Acetate": 1.0,
    "temperature": 4.0,
    "C": 2449.6990365497077,
    "DOC": 48.993980730994146,
    "pH": 6.452368421052633,
    "weight": 12.105105263157894,
    "water": 7.662368421052632,
    "H2O": 425326.0799195256,
    "M_Fe3": 0.1713047814525069,
    "M_Ferm": 0.27349762363317714,
    "M_Hydro": 0.2519905652236994,
    "M_Homo": 0.24008543151400724,
    "Vmax_help_Ferm": 0.5274708625797004,
    "Vmax_Ferm": 2.366077060478937,
    "Vmax_Fe3": 1.2940940228406381,
    "Vmax_Homo": 0.5175197831409197,
    "Vmax_Hydro": 0.48719684080950987,
    "Vmax_Ac": 0.6095843884809373,
    "Kmb_help_Ferm": 798.2360858286994,
    "Km_Ac_Acetate": 179.71194501549988,
    "Km_Homo_CO2": 488.70667822251124,
    "Km_Homo_H2": 476.91508873045666,
    "Km_Hydro_CO2": 502.59037108800095,
    "Km_Hydro_H2": 475.54242780410823,
    "Km_Fe3_Fe3": 497.9674907529619,
    "Km_Fe3_Acetate": 491.4928445480488,
    "Km_Ferm": 512.5554498281144,
    "Inhibition_Ferm": 9.972402590224338,
    "Fe3": 147.25512288399682,
    "M_Ac": 0.01102324944288331,
    "CUE_Ferm": 0.26587713601388,
    "CUE_Fe3": 0.42359339328119683,
    "CUE_Ac": 0.33608531320004537,
    "CUE_Homo": 0.47957620891108366,
    "CUE_Hydro": 0.5236402331484672
}