{
    "Sensenmann": 8.33e-05,
    "Acetate": 1,
    "temperature": 4.0,
    "C": 1093.821333333333,
    "DOC": 21.876426666666664,
    "pH": 6.08,
    "weight": 14.226,
    "water": 6.6,
    "H2O": 366355.6714078271,
    "M_Fe3": 0.2265847929108126,
    "M_Ferm": 0.29322552024975934,
    "M_Hydro": 0.18047570328143325,
    "M_Homo": 0.35013372720853203,
    "Vmax_help_Ferm": 0.5399359713535127,
    "Vmax_Ferm": 2.695746356206231,
    "Vmax_Fe3": 1.1880199182725513,
    "Vmax_Homo": 0.8250101980263375,
    "Vmax_Hydro": 0.3847968176772382,
    "Vmax_Ac": 0.48629567881279495,
    "Kmb_help_Ferm": 1478.402418442158,
    "Km_Ac_Acetate": 3.699744024345,
    "Km_Homo_CO2": 644.6923963650651,
    "Km_Homo_H2": 394.70279188139773,
    "Km_Hydro_CO2": 484.43894734547354,
    "Km_Hydro_H2": 629.7299450558838,
    "Km_Fe3_Fe3": 760.9468305460643,
    "Km_Fe3_Acetate": 783.0786354957131,
    "Km_Ferm": 719.9240749014726,
    "Inhibition_Ferm": 0.8271043487482643,
    "Fe3": 108.37896035844543,
    "M_Ac": 0.011938044208712147,
    "CUE_Ferm": 0.01048061258473143,
    "CUE_Fe3": 0.5299311810551292,
    "CUE_Ac": 0.051431924863931666,
    "CUE_Homo": 0.2637360490648377,
    "CUE_Hydro": 0.5868731459112139
}