{
    "Sensenmann": 8.33e-05,
    "Acetate": 1,
    "temperature": 4.0,
    "C": 1093.821333333333,
    "DOC": 21.876426666666664,
    "pH": 6.08,
    "weight": 14.226,
    "water": 6.6,
    "H2O": 366355.6714078271,
    "M_Fe3": 0.20300468992037746,
    "M_Ferm": 0.38150030717696576,
    "M_Hydro": 0.3109832873619633,
    "M_Homo": 0.32682968966599735,
    "Vmax_help_Ferm": 0.6219227060014535,
    "Vmax_Ferm": 1.6949531554773485,
    "Vmax_Fe3": 1.1179544108837574,
    "Vmax_Homo": 0.4436395435565683,
    "Vmax_Hydro": 0.5441108138747976,
    "Vmax_Ac": 0.5560722033546535,
    "Kmb_help_Ferm": 1022.257008547905,
    "Km_Ac_Acetate": 43.13111563880432,
    "Km_Homo_CO2": 221.43116969248067,
    "Km_Homo_H2": 463.68152336835954,
    "Km_Hydro_CO2": 725.4996716951623,
    "Km_Hydro_H2": 405.4602814690127,
    "Km_Fe3_Fe3": 480.2353713917197,
    "Km_Fe3_Acetate": 471.24054821697445,
    "Km_Ferm": 0.12124235885801227,
    "Inhibition_Ferm": 8.046228337443061,
    "Fe3": 170.41358565843106,
    "M_Ac": 0.007742024146317128,
    "CUE_Ferm": 0.28277083960635674,
    "CUE_Fe3": 0.448847723568223,
    "CUE_Ac": 0.29360506256838753,
    "CUE_Homo": 0.30679533303681755,
    "CUE_Hydro": 0.5277151379578867
}