{
    "Sensenmann": 8.33e-05,
    "Acetate": 1,
    "temperature": 4.0,
    "C": 588.3844444444444,
    "DOC": 11.767688888888888,
    "pH": 6.15,
    "weight": 17.77,
    "water": 4.6,
    "H2O": 255338.80128424312,
    "M_Fe3": 0.35467845030705475,
    "M_Ferm": 0.31154398532906585,
    "M_Hydro": 0.2961398341163957,
    "M_Homo": 0.28432058040513736,
    "Vmax_help_Ferm": 0.6158342370985446,
    "Vmax_Ferm": 2.7250184200571934,
    "Vmax_Fe3": 1.7974741979201028,
    "Vmax_Homo": 0.7158825006427506,
    "Vmax_Hydro": 0.5611606012285213,
    "Vmax_Ac": 0.7777154664342102,
    "Kmb_help_Ferm": 22.592071206910077,
    "Km_Ac_Acetate": 30.353666513015014,
    "Km_Homo_CO2": 502.96417363949223,
    "Km_Homo_H2": 418.10740505356927,
    "Km_Hydro_CO2": 570.0637880012645,
    "Km_Hydro_H2": 324.67453692611406,
    "Km_Fe3_Fe3": 496.83126655900173,
    "Km_Fe3_Acetate": 404.0489453854079,
    "Km_Ferm": 543.4332708371091,
    "Inhibition_Ferm": 11.978346570964181,
    "Fe3": 186.63511347168657,
    "M_Ac": 0.019395449347373455,
    "CUE_Ferm": 0.286660163727242,
    "CUE_Fe3": 0.6466098964744152,
    "CUE_Ac": 0.12322281356576785,
    "CUE_Homo": 0.6566301122897701,
    "CUE_Hydro": 0.5780755228355242
}